-- phpMyAdmin SQL Dump
-- version 3.5.6
-- http://www.phpmyadmin.net
--
-- Client: localhost
-- Généré le: Mar 19 Février 2013 à 08:08
-- Version du serveur: 5.5.29-0ubuntu0.12.04.1
-- Version de PHP: 5.4.11-1~precise+1

SET SQL_MODE="NO_AUTO_VALUE_ON_ZERO";
SET time_zone = "+00:00";


/*!40101 SET @OLD_CHARACTER_SET_CLIENT=@@CHARACTER_SET_CLIENT */;
/*!40101 SET @OLD_CHARACTER_SET_RESULTS=@@CHARACTER_SET_RESULTS */;
/*!40101 SET @OLD_COLLATION_CONNECTION=@@COLLATION_CONNECTION */;
/*!40101 SET NAMES utf8 */;

--
-- Base de données: `tp_brutes`
--

-- --------------------------------------------------------

--
-- Structure de la table `bonuses`
--

CREATE TABLE IF NOT EXISTS `bonuses` (
  `id` int(11) NOT NULL AUTO_INCREMENT,
  `Nom` varchar(255) NOT NULL,
  `level` int(11) NOT NULL,
  `life` int(11) NOT NULL,
  `strench` int(11) NOT NULL,
  `speed` int(11) NOT NULL,
  PRIMARY KEY (`id`)
) ENGINE=InnoDB  DEFAULT CHARSET=latin1 AUTO_INCREMENT=11 ;

--
-- Contenu de la table `bonuses`
--

INSERT INTO `bonuses` (`id`, `Nom`, `level`, `life`, `strench`, `speed`) VALUES
(4, 'animal', 2, 1, 5, 2),
(5, 'animal *2', 3, 2, 10, 5),
(6, 'animal *3', 4, 5, 2, 5),
(7, 'animal 2', 10, 1, 5, 2),
(8, 'animal 2*2', 12, 10, 15, 2),
(9, 'animal 2*3', 12, 15, 20, 5),
(10, 'epee', 0, 0, 3, -2);

-- --------------------------------------------------------

--
-- Structure de la table `bonuses_img`
--

CREATE TABLE IF NOT EXISTS `bonuses_img` (
  `id_bonus` int(11) NOT NULL,
  `bonus_img` longblob NOT NULL,
  PRIMARY KEY (`id_bonus`)
) ENGINE=InnoDB DEFAULT CHARSET=latin1;

--
-- Contenu de la table `bonuses_img`
--

INSERT INTO `bonuses_img` (`id_bonus`, `bonus_img`) VALUES
(4, 0xffd8ffe000104a46494600010001006000600000fffe001f4c45414420546563686e6f6c6f6769657320496e632e2056312e303100ffdb008400080606070605080707070a09080a0d160e0d0c0c0d1b13141016201c22211f1c1f1e2328332b232630261e1f2c3d2d303536393a39222b3f433e38433338393701090a0a0d0b0d1a0e0e1a37241f243737373737373737373737373737373737373737373737373737373737373737373737373737373737373737373737373737ffc401a20000010501010101010100000000000000000102030405060708090a0b0100030101010101010101010000000000000102030405060708090a0b100002010303020403050504040000017d01020300041105122131410613516107227114328191a1082342b1c11552d1f02433627282090a161718191a25262728292a3435363738393a434445464748494a535455565758595a636465666768696a737475767778797a838485868788898a92939495969798999aa2a3a4a5a6a7a8a9aab2b3b4b5b6b7b8b9bac2c3c4c5c6c7c8c9cad2d3d4d5d6d7d8d9dae1e2e3e4e5e6e7e8e9eaf1f2f3f4f5f6f7f8f9fa1100020102040403040705040400010277000102031104052131061241510761711322328108144291a1b1c109233352f0156272d10a162434e125f11718191a262728292a35363738393a434445464748494a535455565758595a636465666768696a737475767778797a82838485868788898a92939495969798999aa2a3a4a5a6a7a8a9aab2b3b4b5b6b7b8b9bac2c3c4c5c6c7c8c9cad2d3d4d5d6d7d8d9dae2e3e4e5e6e7e8e9eaf2f3f4f5f6f7f8f9faffc00011080051004003011100021101031101ffda000c03010002110311003f00f7192448a369246088a32cc4e001eb5e39a9cbd9fc44f0d5f5f456b15e48a657d91c9240e91b93c001c8c1cf6e79ed45d37ca9abfa9a3a338c799ad0eaa8330a002800a002800a00e7bc7433e05d694f46b5753f423069a76d5174d5e691e3d7cf0c563279d1878b1b4afa8af9ea4a4e6b95ea7d24da51d763a8d2fe226aba6e991e9ed61fda33a01e55dc92ec531fa39c13b87d39af5a38ca6e1cd3d1f63c99e064e7ee6c17df10fc513daba59d9e9d6936386677973fa2e3ebcfd2a7ebd493d994b2f975669787fe25c56b636f6be264b886e4280f78143c4edff011951f5007bd74c2b52aafdc7f2396a616a53d6c7a2413c3756f1dc5bcab2c32286474390c0f420d5ec73125001401cf78e7fe447d60f402dd89a0ba7f1af53c5f5904e9b205ebd87ad78587d2a23e8aafc241a7cb25de849710964f306f0bdc0ee2aeac542b38cba1106e54ee88d3559208c6ff009d41fbdede87fc6a9d0527a095569124d7905edbc96d322b2b8e879047bff88a98d3953929446e6a4accdcf0678d353f0f4b1c57d706e7438b10b210a1ad907dd718032077ce4e39ea39f5638853928cb7679b570beeb943a1ee31c892c6b246c191865581c823d6b53cf1f40115cdb41796b2db5cc493412a94923719565230411e94d6807917c4af02693a37865ef34db697799551964be930aa7b22924124e001d39f6a705157764be47442ace4d45b7630adada2b5b48ede14d9146bb5541e83eb5f3739ca727296e7d0462a2ac8ce3a4da5ac97170f2e3cc5f98b31f9401c9183d703b835dff5d94e2a1c89bd8e5787b3f8ac8c5558eeb7dcda437b756ea08675b762a00e49dc3a60576468d6e5d558ce5ca98db3d522826325bce92b31c18f1c95f43cf38e79acea51728a8c95bcc232e57747a67c3af1a0d32ee3d075072b6170c05948c78858ff00cb23e8a4fddf4e9e95bd19f3c6cfe25f89c389a3caf9e3b1ec15a1c61401ca7c43d1135af095cb0768ee6c73756ee188c3a83c1c762091f8d3494bdd7b32e9cdc24a48f1db6d5e26b2672851a22aac8c0ae09c1efec41af12a61a709f2bea7d042b45c6e8b682d9e4698329661b4e5bb7d2b07ce9729a2e56ee606a9e0fb49b74f6728b66fee9fb87fc2bd0a1984e3eecd5ff33374d2d53322cf4178a7f36e2604afddd84f5f5cd75d4c5292b4518bbbdcf6df00f80f469743d135fbb171757cf0c7703cd94ec57c6721460707919cd74351836a2ac78f52ace5eeb67a5d499050027b50079dfc41f05e812dbcfae496337dbdd80696292455076ed0ce172428e092a33c0ad22efa32e1394744cf35834076bbb6b1d23518affcde22959b6a4985dc4866c577e232ca12a3edf58dfa6e79b87ce310b12f0cd29dbaad3fcf628f977b25d7d99cc113862a4cd2e1548ea093c76ae2a9943a74d558caebd0f428e751a955d19c795af336fc3be0ad6fc5502cb09b7b5b232b452dc79c1d9769c36d51c13c71cfbd72470f1834e4ee77d4c5593496a7bcd85941a6e9f6d636c9b20b78d628d7d140c0ad9bbbb9e7966900500701ae7c47974fd6ee34fd3b4a4bc4b47093c8f71e5fcd804841b4e700f7239e2b2a95a9d2694dee7552c2ceac799191e27f1f43e22d2534bd1d2e6069f1f6d6910a1853bc79eec7a71918c9cf22956af1a50e64eededfe65e1f0b294ed35a238ffb1d94c80f921429230b95c638ed5e6431789a4b963376fc0f46783c3557cf282bf7ebf798ef6b02cac1572818edcb13fcebb5e331152369cd9cb0c161a94af082b9e89f06e671a9f882d84dfb902097cac7473b816cfb8503f015d54b5a4afe672e295a67ad551ca14008781401f36adf4a2fefa7ce4cd75348c1b9eb231af3f17053a8ee7b5867c94d5899ae9e74f32d609831eac00da7f3eb5c8a0a2ed368e9e66f58a3384d712379a1ca383f3291c123839fc0574f2c569d0caf27a8923b2ab08c03263201a22975d84df6343c25e2e7f046b5753b5bc73dadc244b724b10eaaa58965f53f3138f6af428c94a2a3e670d7a4e4eeba1f46ab0750cbd08c8aa38075003598229663850324d00781f8e3c34da54d7fa8e953a4fa748ed33a1cac906e396c7665e49ed81eb44a8a9be6ebf99d94b10e2b919ca0bdb80ffba9db6e762f3f2e3b0eb5c5ece36d51ddcf2e8cd058acd5189bb9559482df28c127d38ae76ea37f0a35b47b95ee2eac2d3542b2cc7ca64182c76e393deb4853ab3a574b52652846766c647141acea96f63610a5c466443295f9f099f9b73740303a1ebd2baf0d4aa45f34ce6c454828b48fa6ac2f22bdb60f08202fca4118c56ed58f2cb54804a00ad2e9b6530224b58981ebf28e69dda0398b8f85be0fb87766d2766ee7114ce8a0fa800e01fa5573bdca5392ea66afc1dd03cccbdeea4f19209433000e3a72141fd6a1282d5451a7b7a9dcddd2fc03e1dd222923b5b3626539779246766f4c927a7b557335a233949c9ddb34a1f0f69500c4768aa3da8e6649a11431c1184890228ec05481250014005001400500140050014005007fffd9),
(5, 0xffd8ffe000104a46494600010001006000600000fffe001f4c45414420546563686e6f6c6f6769657320496e632e2056312e303100ffdb008400080606070605080707070a09080a0d160e0d0c0c0d1b13141016201c22211f1c1f1e2328332b232630261e1f2c3d2d303536393a39222b3f433e38433338393701090a0a0d0b0d1a0e0e1a37241f243737373737373737373737373737373737373737373737373737373737373737373737373737373737373737373737373737ffc401a20000010501010101010100000000000000000102030405060708090a0b0100030101010101010101010000000000000102030405060708090a0b100002010303020403050504040000017d01020300041105122131410613516107227114328191a1082342b1c11552d1f02433627282090a161718191a25262728292a3435363738393a434445464748494a535455565758595a636465666768696a737475767778797a838485868788898a92939495969798999aa2a3a4a5a6a7a8a9aab2b3b4b5b6b7b8b9bac2c3c4c5c6c7c8c9cad2d3d4d5d6d7d8d9dae1e2e3e4e5e6e7e8e9eaf1f2f3f4f5f6f7f8f9fa1100020102040403040705040400010277000102031104052131061241510761711322328108144291a1b1c109233352f0156272d10a162434e125f11718191a262728292a35363738393a434445464748494a535455565758595a636465666768696a737475767778797a82838485868788898a92939495969798999aa2a3a4a5a6a7a8a9aab2b3b4b5b6b7b8b9bac2c3c4c5c6c7c8c9cad2d3d4d5d6d7d8d9dae2e3e4e5e6e7e8e9eaf2f3f4f5f6f7f8f9faffc00011080067006e03011100021101031101ffda000c03010002110311003f00f73af1cd42800a002800a002800a002800a002800a002800a002800a008e794416f24a46422963f80a00f158bc5de29bb29a92eaef03cb8956d7ca468501e42118dc4762720fd2bcfa98ee4a8e2a2acbef3d88e060e1aee7a8f867c4d6de22d2fed00082e62f96e6066e626fea0f507b8aef8b524a51d99e554a72a72e5917aef5bd2ac2069eef52b58225eaf24caa07e39aa516f6204d1f5ab0d7acbed9a6cfe7dbef281c290091d719ebf5a1a6b706ac685200a002800a002800a002800a002802a6a5ff0020abbffae2ff00c8d35b81e0418ae86841c1f217f957816bd67ea7d2ed02adbf937764af7264f9230240ac42cabe8c070c33ce0d7439d4a3271a6ed7325185449cd6c4f6d1e978678ad6de261c37eed4100ff4ac66eb6ce4dfccd63c9d1166dfced255a5d12f25d3e54048103e23cffb4872a7f2ad69632ac5a52775e663570d4a6b6d4f44f03fc43b7d6a0b6d37589921d75b706458d951c82718623049033807d6bd8f764af07a1e2d4a5283775a1df52320a002800a002800a002800a0086e61f3ed668738f310ae7d3229ad00f07d4f44f1168ba448b7ba249e5db46049709347e5600ea096071f502b83ea32753994958f616360e16b6a65786ed668746c5cc463695d9c231c95527807f0ae5c64e32abee3bdbf33aa845a87bc539639feded6e21645da584a5d57183d393d7a7d735d94e929d353525e873ce7cada688fed9716f3469860c46093f2d67ece324d95ced31d6f2c0f76e970a2263b7f78ad8785faa90474e9d7da9b8d48454e9bdbf10f724f966b73dc7c0de2efeddb56d3ef9d46ad68a3ccc70264e8245faf71d8fb609ed84d548f3c7fe18f26b5174a56676154621400500140050014005001401cb7c4489e4f026a823b017aca81bcb233b40604b81dca8cb63be31550dca87c4aeec792e9c225d3e0484e62440abce4e00e33ef5f3b5b99cdb96e7d2c2dcaac4aef28991123f90f2ce4f4a84a36bb636ddec71fa84da869f7121d592eee2066cabdb4cb1a01e8728d8edff00d7af7b0ab0b522b956bf89cb514af666443aade4f2ac0bfbc0e718c7cd8fad6d2a14e2b9b625c6cb73b6f0e69de23bcb8b3d43c3b6374d71049b52e9d42c6083b5831246e5ea0819e9eb8aca9539c25776b338eb54a6e3caf73e8e5ced1bbae39c56879e2d0014005001400500140050035943a329e84639a00f0ad77c03e21f0e4b245a5dac9aae9f2441418f6a794c588202e738c15fd7a0159d5c3c2ac94968eff79df4717cb1e591cfdaeb532c416e2131b0257f79c67071d41c76ae4af96d4a7ef34ecce8a39851a8dc1495d696ea5a7d5a2f28828a78e771e2b8d50773b1d55632f16d107b85486253f316550062babdf95a2eecc6eb73dc7e18d94f65e03b2173198de679270a46085772cb9f4e08af49ab59763c6ab2e69b68ec2919997ac788b4ad0a356d42ed6376fb918f99dbe8a39a762a3094b6304fc44b4ddf2e87ac3c7fde16c39fa0dd587d628276f691fbd1a7b17dd1a3a4f8cf46d5ae45aa4d25b5d9e905ca796e7e99e0fd01ada2d497345dd79132a728ea74341985001400500359d2319760a3dce280327c532dac5e16d464bcbb96d6dd6125a584fce3fddf527a63be71551dc6b7d0f127b8beb94b67bbb1b69563283c885160531a9c84214000e3824574d0cef0f4e94a96a9bebbaff807362f22af57111aeacd2e9b3fbfa9917be57f6a4b343a4456c824de903306551e9907247f8d6bfda3849d0e495e4fbd888e578c8627da53b4576bbfd0eb3e1c5bf87efbc497b6baae93666e081776cc4128b8c2b280c4e307047d4fa57053a9cd0bad2c7ab5e12835a9ecf71a859596d17377041b87ca24902e47b668b1cc937b193ad78af4ed3748b8b9b6bcb6bab855c450c72ab1772700601f5345adabd8b8d36dd99c7e9fa7b4723df5f3fda3529cee96661d0ff757d00f6af8dc763e78a9d96915b2fd59bb7d16c68d79a22a5fe9f06a36fe54ca411ca3af0c87b107b1ae9c3e26a61a7cf4dffc11a763a2f04eb173a96993dadfbefbdb094c323ffcf41fc2df88fe55f6f4ea46ac23523b3463562a2ee8e9eacc82800a00f0ef1cdf43ac78e350b5be5596d6c42410c720ca06da199b1ea77819ff0066b93193a905154ddbae87a782a7069b92336796f3ecf0da5d6a3733e9501f322b776dca8ddb27ab01d402481f80c72bc5d4a94f93af7f23ae386a74e7ce8acfaac50c8c492f1b1041feef623dba67f1ac150949799abaa9329cd32bdd09dd04a8ac094278603b7e55d987f77dc4ed756bf630abef23bdb7f0fe837b691cf0d9a98e55ca90cdfe35e0d4cc31b466e129eabd0e0729222d2f4063e6beb005dbc78860f37e6db12fddc7a57463b359d4e5541b5a6bebff00001cbb14868b3df6affda5a4e93e6e9fa7cc23758000cee39240ef838af56852af3c138ce5ef4d75e8bfe187cc92b366b5df88a1b38643756979672853b56e2dd97271c0af1bfb1b12a4968d793ff3b12a37d8cfd1618defec66b59259265b766d4256624348e72139e32063a57a79bba34b0ea924afd3e4377b3b9d4d7c99059f0046649b5dbe5ff5535d08d0faec5c123f3afbac1c1d3c3538bdedf9ea456e88ed6ba4c02800a00f9e7c63049a7f8db588ae41432cdf688f3fc6854723d79c8fc2b9b1116da92d8f4f0b25ecec64417b6db02dc4b3e18676ab61573d2b9654e77f7523ad4e36d4628506578a395a02d956da5bb7a814df44dea2ef6d873a3f9d1c1e591bd49da57a8e9fd6926ace571b4ef63b5f03c971f63ba81d48b78a4c2127907b8fe5f9d7979c2839427f69ad7d3a3386b24a46feaad729a55d35a0cce233b3ff00adef5e66155375e2aafc37d4c95afa9d4f8565d2ec7c15633dbce896490ee795c85f9bf88b7beecd7de3bdcc277737739fd5bc4b77e23dd67a333dae987896f48c3ca3b88c761fed7f93e763330a7845cab5976edebfe4691a6a3acb722b6b6b6d36cd61855628631dcfea4d7c8d4a95311539a5ab65b6db29432de789ae1b4fd0c110fdd9ef88f9231dc2fab7f9f71eee072969aa988fbbfcc1da0af23d1f4ad32db47d32df4fb44db0c2bb47a9f527dc9e6be85bbea72ca4e4eecb94841400500723e25f09cbe25b67b7be16f70983e596401a32475538e0fe35a465ca34edb1e4f77f0cfc636d2b449a7a5de061268a755523a7218820fd33597b28df47a1d8b12adaa20feccf13dbbb40ba1ea4aea9b020b72c037fbc3e5fc738ae4782bbd6dbf73a56322968c75e786bc4bb60bad42d65b1446114425d85e676c7ca00270300927d856b1a14a8c2529edbfdc44b12e725cbd0ed888bc39e1e0a837b44b8031cc921ff00135f2894f30c5fabfb97fc3187c4cb1a45ec97b620cea52ea26314e8460abaf06b3c761bead5dc16dbaf413567a183a85b4d6bab5a69846fd22eaebed0223f7564c1047d3be2bdcc3e39d4c0cf5f7e2bf0e8cb566afd4eb000aa1540007000ed5f2eddf566657bcb0b6bf8c4775199107f0ee207e40d6d46bd4a0f9a9bb31a6d6c521e1ad254616d9947a2cce07e86bad66b8c5f6ff05fe43e666ffc3bdcb6dabc424736f0de98e24662c130a33826beb30f394e8c273ddab98d6dd1dad6a621400500140050014014355d1f4fd6ed3ecba8db2cf086dc1492307d411c8a69b5b0e3271774645a7807c39657b0dd4164c1e170e8ad33b2a91d0e09a2e5bab36ac1a97822c750d467be8ef6faca69f06416d285562063241079acaa52a756ded229dbb8e355a56332e3e1e4d26c31788aec3c6c1a33346b20523be38cd66b098749a505aee52ade431bc1be238ffd5f882de5ff00ae96817f91ae6795e0dfd96be6c7ed63d889bc37e308f949f48947a3798a7f9564f27c2bd9c97ddfe43f690f3236d2bc61175d32ca6ffae771b7f9d64f24a2f69bfb839e1dce87c15a45ee91a45caea11a4773737525c322b6edbbb0319fc2bd9845421182e892fb8caac949e87495466140050014005001400500140050014005001400500140050014005001400500140050014005001400500140050014005007ffd9),
(6, 0xffd8ffe000104a46494600010001006000600000fffe001f4c45414420546563686e6f6c6f6769657320496e632e2056312e303100ffdb008400080606070605080707070a09080a0d160e0d0c0c0d1b13141016201c22211f1c1f1e2328332b232630261e1f2c3d2d303536393a39222b3f433e38433338393701090a0a0d0b0d1a0e0e1a37241f243737373737373737373737373737373737373737373737373737373737373737373737373737373737373737373737373737ffc401a20000010501010101010100000000000000000102030405060708090a0b0100030101010101010101010000000000000102030405060708090a0b100002010303020403050504040000017d01020300041105122131410613516107227114328191a1082342b1c11552d1f02433627282090a161718191a25262728292a3435363738393a434445464748494a535455565758595a636465666768696a737475767778797a838485868788898a92939495969798999aa2a3a4a5a6a7a8a9aab2b3b4b5b6b7b8b9bac2c3c4c5c6c7c8c9cad2d3d4d5d6d7d8d9dae1e2e3e4e5e6e7e8e9eaf1f2f3f4f5f6f7f8f9fa1100020102040403040705040400010277000102031104052131061241510761711322328108144291a1b1c109233352f0156272d10a162434e125f11718191a262728292a35363738393a434445464748494a535455565758595a636465666768696a737475767778797a82838485868788898a92939495969798999aa2a3a4a5a6a7a8a9aab2b3b4b5b6b7b8b9bac2c3c4c5c6c7c8c9cad2d3d4d5d6d7d8d9dae2e3e4e5e6e7e8e9eaf2f3f4f5f6f7f8f9faffc0001108005f006703011100021101031101ffda000c03010002110311003f00f73af1cd42800a002800a002800a002800a002800a002800a002803ca7e206a17d73e293a70bb9e1b2b6b7470904ad197762d92c54827000c0e9c9fc393175e5462943767a382a10a89ca487783bc5f2e937834cd56ee49ac2520433cce59a073d1598f254f627a1e338230f0d88f6ab967f17e7ff000431585e4f7e1b1db5d78d7c31657325bdc6bb631cd19dae8665ca9f435d9cace05193d9142cbe23f87751f10c7a35a5c3bccc85fcc74f2d063ddb04e73d81a146eae8250947747580e46474a9245a002800a002800a002800a002803c8bc6dff23bde7fd7bc3ffb35799986f1f99ec65ff03f5388130fed8b981c074940568db9c8e474acb97f75192e874dfdf68b49756f60c2d561f2608c05181c0fc3d2b270954f7dbbb65a9461eedac89a56b3b9431ceb1c8a4ed21d4115115520ef1d0a6e2f465cd03c5f7be0dd59c4f2dd5e68cf1ed5b50c18c6f91820bb70b807807f0ef5ec61b10aa42d37af73cbc4e16d2bc0f6ad2356b2d734b8351d3e612dbcc32a7a107a1047620f04574b563ce69a7665ea420a002800a002800a002803cfbc63e0ed6751d74ea9a4b5acab2c291bc33b98ca95ddf30600e7391c6074ac2b61e35d2bbb58ecc3627d8a6ac793416574de30b86b87b426c4344fe4485f2e7a8c903a60f6ebf8e30c4c6387a1ec936dbfd0efa127567ed2d645bd660b968c4b69107900e84f5e7a7e59ae5c23a7ac6a3b7637aca574e28a1359dd5b2334485b2a3ee6701bbe0100ff004ae993a5cd6e64cc23cf6bf2d883ceb9091161821940f94fca7dc7614e3083959307292573aff0978c53c377e6e5b234eba602f60ef0b703cd03bf1d477183db06f0f3945fb29fc9fe8618aa4aa2f691dfa9ee714b1cd124b13abc6e032b29c820f715d7b1e58fa002800a002800a002800a00f06d652e2d3c73acc5a84714573249e6218feebc3cec238e3be73fc59ae0cc149f2be9fd5cf6300e3cb65b91c8cdb1c43b4c83b13d2bcb495fded8f41f918bade977f74209e0984ad08f9edd9caa487eaa41f6ff000aeec26229526d4e3a3ea65521268e42f6eaf219d50599b09546d2b1973b8e7afce5b3f81c57b4952a8aeacd1cea296e743e1bd3356d5af63b1b7b3f3af668da5f9a40a028201dd9e9f7874cd72ca9c6a37c8f44653a8a96ad6e7bdfc3fd0754f0e786fec1aadc248e25668a28d8b2c0871840c40246727db381c0addf43cc9c94a4da47555240500140050014005001401c478efc067c4ebf6eb3b868b548511210f2158880e1886c0cf2323fa53f764b9648d29d474ddd1e4b7d61e21d0f5996def6181e6c6f93ecf26eda33b54918e3383804e702a2395fb68da96b6e9d4dea66b4f0ed4aae89f5e8306b7e592252a187661b48ae09e5b5a0ece0d7c8eca79961e6b9a335f795e6d523b861be6400741d054c68382d11bba8a5d4ed7e1369f3def89a6d6514fd86dadde05971f2c8ecca4853df0179fad77d183841f3753cec554526a28f67ad0e22b5f5fda69968f757b7090409d5dce07ffae9a571a4dbb23947f887048d9d3f46d42ee2ed2ec08a7e99eb584f13429bb4e69335f62fab163f8896d1b0fed1d2350b38f3cca630e8bee48e7f4a29e228557684d37ea1ec5f46757657b6fa859c577692acb04a3723af422b7d8c9a69d9962908280239668ede179a6916389016676380a077268029e99ae693ad248fa5ea56b7ab19c3982557dbf5c53716b70b58f22f10ea26f3c47a9a68f75345a679b89a332168ae26046e7033c60a81c7520d2598ac1558be5526bf0ff826d3cb1e3b0ee0e4e3739ebf92f574bb6b46b7b2f2e0918aca8a5646dd938638e47f80ae9a59dd375655395ddf4be871d4c86a7b18d1e6565d6cee528753974f96cae648a0ba8ec6712883c8562ca7219738c924138f7c5673c4cabd6e650e54ff00ab9dd4705ec287b372e668fa22db58d1bfb30dd5bdf59ad944006749576479e80e3807dab3b3b98f2caf6b15ff00e12ff0e7fd06acbfeff0a7cac7ece7d8e2e5b93e2ad4e4d4ee4efb0864296509fbb80706423b93fa57cfe6b8e9537f57a6edddfe87425c8acb72ebcd1444092444cf40cc066be763094be1571125400cf0a3b691e2c934d8491637d0b4cb1768e4523247a020d7d8e578996228353de3f913515e373d06bd239c2803cf7e2e5fb41a058592f2b7776a2419ea880bfe59551f8d4cdda9c9aec7461a37a88f39648aef32dacd25b5c8529e644e637da7aa923920d78f4eb55c3bd363da9d3a7596a8824bb86d96282187ca309f91074c0e0818f62688d394ef293bdc6e4a3a25b104b7c6f230a54a153ca9fd2b48d2f66ee8873e64747e116d3af2292c6e6cada4b887e6566894965f7e3a8fea2b973395785abd39b517babbd1ff00c13cfaa9c5e86bdcf87229354b79605586cf869e041b55cafdde0707a9ae4a59a54861e74e4db93d9fe7ff0000852d096ff4f4d52fed742b386349ae8ee96454198a21f79bf1e82ba328a552a4dd69b768fe2ffe0093e55cccb779e19d77c33a34d3dbea767736b67116d924055b68fa1eb5ea56cb70f889b9cae9bf325548c9dac611d0af7572f7973716c05dc498cc3bcc4bd70b93c1f7af3a9e654b0517429c1bb37d7734e64b44750a1618402d8545c658f61eb5f3cef397a9989e0f47d63c513eaf183f60b388dbc2fda49091b88f5000c7e55f6397615e1a85a7f14b5ff226abe58f2f53d0abd039c2803cf3e2ce957779a3d8dfdac2f32d8cc5a64452cc11948dc00e4e0e3f0cd2945ce0e2b737c3cd4277678e25edbc8c5c7efa15c01b1b824fb8ae174e495b667aaa69ea580c97ad18b4b2d924672db7d30475e959d9d3bf3cb465693f85124b05cc76d34a6074f2c13c91f9f5a98ca0e495f71b8c926ec5bd1a0ba1ac5835a9512b37dece7e51f7b3ed8cd3a9287b0a8aa7c36fc7a58c2b24a3a9ea35f207094740d62d740d47c4371a946cd78104d115ff0096908e02afa60f5fcfb57db65ae12c2c153f9faf509c5c924876b1e26d67c41a2dc58c3e1f1045731edf364bb53807be00a25996129bb39eabc98a34e3177b9936bae5c45653b3e98de4581114eeb3a12a4719da7048f7af29e4eeb2f6b4e6bded569dcd1c55f737bf7771082543c6e33861c115e0fbd4e5d9a23613c284e8fe2e7d36df2b637b034c221d124523247a022bebb2cc4cf1141f3bbb8bdfc855358dcf43af48e60a00a37f6125e0012e9e1006085e869a7603cdbc4df09af350be7bfd32fadd65931e6c33290ae40c6720120e38e87a53972cd6a6d4eb3869d0e6e7f865e2fd3d0ac76d6d762420ff00a35c60a631c1dfb73d3ad632a11934d3fbce98e2d2dd12c5f0e3c677fbd658a0b48e5f94b4b73b99063aed5041fcea6186a7169b7b790e58cba7617c311e95a25d5e79f7bb648dcc318b86f9c283ce7ea7f957999bd3ad56d4e8c1f2eeeddc97cce2ae6b596a974f7e6fe61b748ba91adede42700320ce7fe05f37e5ed5cd88cb3d9e12328af7d6afe7fe5fe62696dd493c4364ba969e66b3757b98158aed20ee5230cbf88ae5cb3132c256e59e9196ffa308bb3d4afe16d6925b182c6e5b64eab888b70245e831ee3a63dab6cd7012a751d682f75efe4c271d6e8d6b8d174dbabafb4cf671c9377623afd477af369e37114a1ece136912a4d685c9248e18cbc8ea88a392c70057346329bb455d8877836ddf55f105c6bc108b286236d6cc463cc39cb30f6ed5f6797e19e1a872cbe27abff00226abb4794efebb8e70a002800a002800a00a93e996172c5a7b1b79589c92f12b127f114eec6a4d6cc6dce93a7de580b1b8b2864b51d2228368fa0ed45da05269dd192fe03f0bc8413a3c231fdd2c3f91a7cccbf6b3ee599fc25a15c6951e98fa745f658b26303219093924375fd6973312a924ef7318fc3c814e20d73558a3ec9e7038fd2b9de1b0f27774d7dc5fb67d8b169f0ff00478a5596f5ee752917a7dae5dea0ff00ba303f3ad610852d29c52f44275a5d343a88a28e089628a358e341855518007a0154643e800a002800a002800a002800a002800a002800a002800a00ffd9),
(7, 0xffd8ffe000104a46494600010001006000600000fffe001f4c45414420546563686e6f6c6f6769657320496e632e2056312e303100ffdb008400080606070605080707070a09080a0d160e0d0c0c0d1b13141016201c22211f1c1f1e2328332b232630261e1f2c3d2d303536393a39222b3f433e38433338393701090a0a0d0b0d1a0e0e1a37241f243737373737373737373737373737373737373737373737373737373737373737373737373737373737373737373737373737ffc401a20000010501010101010100000000000000000102030405060708090a0b0100030101010101010101010000000000000102030405060708090a0b100002010303020403050504040000017d01020300041105122131410613516107227114328191a1082342b1c11552d1f02433627282090a161718191a25262728292a3435363738393a434445464748494a535455565758595a636465666768696a737475767778797a838485868788898a92939495969798999aa2a3a4a5a6a7a8a9aab2b3b4b5b6b7b8b9bac2c3c4c5c6c7c8c9cad2d3d4d5d6d7d8d9dae1e2e3e4e5e6e7e8e9eaf1f2f3f4f5f6f7f8f9fa1100020102040403040705040400010277000102031104052131061241510761711322328108144291a1b1c109233352f0156272d10a162434e125f11718191a262728292a35363738393a434445464748494a535455565758595a636465666768696a737475767778797a82838485868788898a92939495969798999aa2a3a4a5a6a7a8a9aab2b3b4b5b6b7b8b9bac2c3c4c5c6c7c8c9cad2d3d4d5d6d7d8d9dae2e3e4e5e6e7e8e9eaf2f3f4f5f6f7f8f9faffc00011080062008303011100021101031101ffda000c03010002110311003f00f72e95e39a8b40050014005001400d665419660a3d49c50022c88ff75d5be87340199adf8934cf0e8b76d4e67852e1f6230899c67af2541c7e35518396c05db1bfb3d4ad52eac6e62b981feec9130653f88a4d35a302cd200a002800a002800a002803cebe273788e28a1fecbbb58eca70b190d85d93060c877f624e00cf19183f7811d141464ecf716c74de17f107f6cd9bc174820d5ad309776d9e55bb30f556ea0ff506b3a94dc1d813b9bf598c2801924890c4d24aea91a0cb331c003d4d00721a9f8fa35d3e597c3fa55e6b33ae3cbf2e26489f91c8908c118e72335d11a137b8ae96e729a8f89f57f125a8d3f5bf03c51c2e4717134f804ffb491103eb9ad638771774c39a2ba994de0cd574c8fced2747822039fb3c579b81efc3ed8dc13ea58fd2b750975d48e74d9bb636ba95ee8a20b896f74f79018e4d3f531f6e809f5de7e63f838fa50e8c5eab4173d8a7a4e97e20d135665d82d6e1dbf717d0319a1987fcf3b84e093c70fd7a02c4e7712a6a4ad21f32dd1e89a0788d755692caee1fb1ead6e3335ab3678fefa1fe243d8fe07078ae0a94dd37a969df6346eb55d3ecaeedad2eaf2186e2e4ed86377019cfb0ef59a4dea865ca4014005001400500737e38d1f53d6fc35359e957222989cb46c14899304143b810339eb8ea05694e4a32bb0380b1bbd311ad74ed5351bfd33c4566be5c37174563b8c1fe1dc06c9474e3e61d33cf35e8fb951197bd1773a493c4de23d2adbe61a5ea6a1b6ac8d23dbc87d0150ae09f7040ac25855d18d4d752e8bef175eaa333e99a5ff79151ee98ff00c089403f234d6152dd83a8ba199716b717b7822d66fee7528a3398ec8a2223b0fe3655032a3b062477ec2b58d1841dd13cecd35d4658eefecef6ff007472b12b3ede38c9c01ffeaad482cfdb4f6b4b83ff000003f99a009237bc98130e9b31c7ab2ff42680b153fe2770dd9596d23f218e46f6da40f4f7fca801f7f6d773ec36b3881d390d93cfa823a1ed40193abd96ad25a457312c5fda96a77dbdc424e54f756538dca47047f500d4ca2a4acca8bb331b5386ca0d1eeaf2fb75c6b70490df4d712a619cc6e1ca2039da000c028ec7be4933c89439514a4dc8ee34ef19e9baaf88d749b2613a35afda12e6360d1b7232b91dc0653f8d79ce9b51bb353a4acc02800a002800a00e7b56f05683acdefdbae6d1a3bce33716f2b43236071b994827f1ad235250d988e4bc21a4c51de6ab7e9753dc5a9bb78ed16795a46454f949c927a9071ed8f5af4a9b6e29b329daf6475531b818f2238dbd4bb95c7e40e6ac82bfd92e246632ce9186fbc214da5beac79fcb14013496a863511011b4630840e00f43ea280305f58b9b2b8312bc4544810c536494f6dc3b6013d2981d4e93aed9dc9115c45f61b8e8191f28df8ff88a434d05cb017255b0189e87827f0a044646383c5004490f96cade6c8c42e0ee6c83f87afd28013caf35645b88a365638c75dcbef914019ade15d0d8c612c56d8231606d59a0392003ca11d947e42938a7b8d49a276bc97c22ead25f4d7ba1f02479cee92d3b06dc7964f52d923ae48e9cb56826af1358cafa1d78208041c83d0d70962d001400500211904500703e15b1874bbaf1068d6f39952c6ed5d32c1982488a7048ee0e463d08af528c9ca09b319a37dc3f952346016552c01ef8ad8832b4ed55aeef2485f0181c6de98c0cf1ebd45023580c9c0a0662ebd671c72a5c43b565f336bfa3af3d7dfde81146528b86460558938feef39c7e19a00af67abdc24c5ed02b4eac50cd20244601c055fe7f8d03d8ecb4b826bb45175346b2f56ec4e7dbd69025727bab46b7dcc788f7ed5c9e4ff9c500d58ad4c0511a4dfba92332238daca3b8a4071b75f0ea2d1219becda3a6a9a63e594c527937b6f93d033101d79c6188e383b81ac67095ef166ca57dceabc2be204d4e4b8d2d34abbb2fece8e346f3dd1fa8385cab37cd800e33d08f5ae1a94dc372b4e874d590c2800a00e77c6f792d9785ee1edf551a6ccc4224be579aec4ff0a2e4658f415a535795ad7038bf8796f77a15e476fa80c9991cdc1c776624027ab370724924935eaa56473b7a9e8975f67b0b2bc963943bc685483d89e1680d8e4f43b7577d475748d995328a07270bd71f5381f85311d14009fde11b762ee20f6ff271480e4bc4d78b2b41046d9cb2e3f1209fd05311521dd71218e11bdc7503b7d7d28115b54b677b1b8b62763b21da51b953d8f1d39a06b43cfac3c47e2286d45d477de6ece91c8a09e38ebd7359f33474fb28b5747a3e85e3293c4de1778276f22f206eaa38ddebcfa8ab4efa984972bb1d1786f527d48c96571c5ec58c63a38f51fcff00034c48d7b546b8d4afad0300d6e0151dff00cf0690ec729e263772e90fa869facdd4510963f3f0c1b647bc0908dc0e085c9c7b5293696811df53b9d1b47b2d0f4f5b4b18cac792eccc77348c7ab313c926bc9949c9dd9bec68548c2800a00f3cf115cdd27c49b44bb8a33669a7c925912fc89432873b7d70ea01ec037a9aeec2dacfb913d88249962532c92040392cc718fc6bb0c0c7d4fc4b65696f3017aa67284aa0c9673ec072df850da4349b37fc23ad2d9787615913724de5b156f9719e727f01406da1d36b5730dba5d881b911ee6c7a9ce3fa520679adfc92604a81772839766c6d1df1c1a649bbe1dbd11c10da47143048fcbeec92c7f4fe740c678825b1b471889e1909c162bb50fd33408e1be1ff00888f8775eb8b29ae122b19262275750ca570769e7dfbfbd72d673507c9b9dd4f96495cacb789e1ff0015cf35dea3632c77eee5d6d1b2917395270303a9e3afad1879dd5acd7a915a373adb7d40dbdedb6a36ecc3cb7085871953ff00d7c7eb5d4729ab75aecb0ebd73a8da2c8f234c420894b120000f1e99cd03bea62789a79ef34dbe6d1843e6dda325e58ca4a19159482533d1b9079f4ef49951b5f53d4fc3bab5aeb1a25bdcdb5ca4e422a4bb7236b8032a41e41f63cd79128b8bb337356a402800a00f3ff899e55bcfe1cbd64dad1deb4667dbf715e365c13d8162bf8815d586769132f8599f2ccb0247bdb3b885dd8ef5e81ce73ba9dac9f6ab9bdb19a5b6d50c4d18c10e93a7f74afa73db0466b3a8a2d5e45c1bd919de15d79b54d16d9f2310325bc9818c9f2d79ff00be8e2b4429ab33b1bbd4e49236e73e74288fec54e07e83f5a0831a798a2e154b31ce0638cfbfa53116f47bfb5d1ccb79745a49f18503a64ff2f40290d33564f17ef465fb0ae08c619f23f2c5160b9cddf4767a8cc649aca019ecabd28b05dad82cacacadd6489e3dd6ec0fee828ea7af3e9f9d01735ad2df4ab8b0786e2e1adb8f2d1151be5ec0e48e7b50073775e34b56d4a4d334b48e08207688c933b6d3b783f2a7272475626a1cac6f1a77d596e3bfb17b212cda94064319dd6e74e04138fbbb8303fad2e634f64ba1ddfc2f9d0785bfb3fc8485ec9c2e1571b91943c67dfe56009ee54d70578da62476f580c2800a00a5ab69569ade9771a75f47e65b4ebb5d7383f507b1f7a69b8bba03cd35df04788f4eb09a2d24c7aa5bac652dd6490a4d18fe1cf3b5f078278247bf5eb55ef6be84f2a30e5f0ceb4fa85b5bdfdc05b5895bcc96dc9825724820363d08ce4119efd393da6f6ea3d343245843e11d752d916596c6f941966751849779da4e00032580fc056f4a77d199cd5ce9f4f865d4a1cc63f79e4f99b477e9915d0625e93c2f3dc088a4ecb1ca8191d78da719c37b7bd20b1caea0977617ad6570d22ede4b18b247d08183f5c531115a6af677d2491dadc2caf170e0755fafe54034d1744800249c01c93e940115bcf7babea0da7e8c2132c63324d313b13d863926b1ab595346b0a6e5ab2d5fd9f88f4042faa69ab35b8f99a6b5c92a07728dcfe559c3130968f429d1ec64ea505af8a6c146957f124e8dbb6b0ea7dc751f5ae8dd1116e0f50d13c01aadc4826d52fed6df4e8dbf7ac9212c40edc8007d6a794d7dae9a1dd7d9a3905e6b3a6c179235b2f9661d3ee8c5314551b4843f2be3920367a918ae6af257e5ea104ceafc177faa6a5a1adcea203c6f86b69cec0f346402198212a0fd3afa0e95c93493d0b3a3a800a002800a00af73656f76bb668837bf71f8d34ec071de27f0c23699731ec33dac919575ee38f6fe75a427a88e37e1e6af0bd8594f3390445e4ca5b8dae319cfe23f5af556a8e792b48ebdbc51631dff00d9f3ba10a0ef507e5ebdbd38ed40ae737e25d56cf5168668566465f91b7818e4f1d0d325ea70cfa2c67c5f6d3fdae6b68af41824306d077e3233907820633d738f5acaa3715746b0d5598ed634dbdf0fdc1b286f9eee1b88e5982ca0b49c150141cf23e6cf4e83dea69d472439456e74fe19f11e95a268f05a2f86e7ba38cc8f3ac6bb9fb9f99bfce2b9a542a4a5766bed22b4342e7c5f612413f95a1eae819488e3322cb1467d40049fc3a54bc3cc1548f7326eaf3c3d7f2ab3786352bb9368018daac6c0ff00bca467f1a71a3596ccae78f531ff00b196ebc4ba5580d1efb4b49c3b46fb8172e002188248c75e31d71ef5afbf4d5e4c8bc5e88f57d3fe1cdac482e2f756d4e6d43036dc25c79262f60230aa7fe040d73ceb39ee34adb1d1f87f461a0e909a78ba92e42bbbf9920009dcc5ba0e075edc7a60715949dddc66a548050014005001400840230471401e5de2ef0ec9e1fd4eeb5db4b5f3b4899927bc8d080602b8dcf827942aa338e463a1cf1d74ab7bae1d7a10e3768e72fe3d4ae6fafb55d3343924d144cf0c6d6ec37615b0c557d3861eb9ed5ac2ada166f514a9ab93789a4b5bbd4608bc3361f68b796ce3b991639400a0bb0c0dc7ef12a78e3a738a546ab51f7c254fb04baf30f055fe8b7fa74d65756ffe9f66d31525d91c39c152791d31e87eb59cf5a9cc9e8cb8ab44e98f86d35f8523b9d3e3b9887cc3cd40541fc6b3e6e50268fe16692a33fd97a6a9ff00ae00ff004a5ed5f703375cf86d2e9d62f7fe1eb648efe22a4436c422cc32320a9c29e33efef5a53aed3d589c6e8e7f47f146a0d771411e8ba8c77ce4b7d9d616276e48192401ce3e83b9aedf6914af732e4677fe16f09dda6acde24f101cea6c86382dd5f725b464e71e85cf73dba0f53c35ab73e8b6358c6c8edab98a0a002800a002800a002800a006491a4b13452207470559586411e946c04567656da7d9c5696702416f12ed48d06028a6ddc0a167e18d1f4fd4ef751b6b254b8bcc79c49254e093c29e179624e319249a6e4dab0162ef45d32fe348eeac2de65460ea1e307047434949ad80bc00518030076a402d0014009819ce067d68016800a002800a002800a002800a002800a002800a002800a002800a002800a002800a002803ffd9),
(8, 0xffd8ffe000104a46494600010201006000600000ffed10ea50686f746f73686f7020332e30003842494d03ed000000000010006000000001000200600000000100023842494d040d000000000004000000783842494d04190000000000040000001e3842494d03f3000000000009000000000000000001003842494d040a00000000000100003842494d271000000000000a000100000000000000023842494d03f5000000000048002f66660001006c66660006000000000001002f6666000100a1999a0006000000000001003200000001005a00000006000000000001003500000001002d000000060000000000013842494d03f80000000000700000ffffffffffffffffffffffffffffffffffffffffffff03e800000000ffffffffffffffffffffffffffffffffffffffffffff03e800000000ffffffffffffffffffffffffffffffffffffffffffff03e800000000ffffffffffffffffffffffffffffffffffffffffffff03e800003842494d040000000000000200023842494d04020000000000060000000000003842494d0408000000000010000000010000024000000240000000003842494d041e000000000004000000003842494d041a00000000007900000006000000000000000000000062000000ab0000000c00530061006e0073002000740069007400720065002d00310000000100000000000000000000000000000000000000010000000000000000000000ab00000062000000000000000000000000000000000000000000000000000000000000000000003842494d041100000000000101003842494d0414000000000004000000053842494d040c000000000e22000000010000007000000040000001500000540000000e0600180001ffd8ffe000104a46494600010201004800480000ffee000e41646f626500648000000001ffdb0084000c08080809080c09090c110b0a0b11150f0c0c0f1518131315131318110c0c0c0c0c0c110c0c0c0c0c0c0c0c0c0c0c0c0c0c0c0c0c0c0c0c0c0c0c0c0c0c0c0c010d0b0b0d0e0d100e0e10140e0e0e14140e0e0e0e14110c0c0c0c0c11110c0c0c0c0c0c110c0c0c0c0c0c0c0c0c0c0c0c0c0c0c0c0c0c0c0c0c0c0c0c0c0c0c0cffc00011080040007003012200021101031101ffdd00040007ffc4013f0000010501010101010100000000000000030001020405060708090a0b0100010501010101010100000000000000010002030405060708090a0b1000010401030204020507060805030c33010002110304211231054151611322718132061491a1b14223241552c16233347282d14307259253f0e1f163733516a2b283264493546445c2a3743617d255e265f2b384c3d375e3f3462794a485b495c4d4e4f4a5b5c5d5e5f55666768696a6b6c6d6e6f637475767778797a7b7c7d7e7f711000202010204040304050607070605350100021103213112044151617122130532819114a1b14223c152d1f0332462e1728292435315637334f1250616a2b283072635c2d2449354a317644555367465e2f2b384c3d375e3f34694a485b495c4d4e4f4a5b5c5d5e5f55666768696a6b6c6d6e6f62737475767778797a7b7c7ffda000c03010002110311003f00efbf6df4bfdaa3a38c861cf2d738d00fb86c6d56ed70fdf7537b6eaff7eb65dfe895f5c8fd6ec514f51c6ea976386e0b2b2cccea356e75f8e58ef568c8ad95556db8efa3fc16557ead3657ebe2752c6b31eca365bc6fac599462b6ec8aebeab8ee81566f4f7d6c3692760df899b6d35b1ff9bfa9e6667fd6554f689889475ee175f77a24890012740392740162e4758eb0d63ed66053456dfa3f6ac98783c7e999874e563d4c6bbe959f6db7d9fcb59f76262661f4fab0c8ea5f6805e5b67a8cc7dadf7b3d1e958f66ca71eb76cf4accd65b93fbf917231e5e477d14661d4ea9f5931fa65a1afc4cac9a889764630aacadbfc9b1bebb6f6ffdb2a9e77d73c5ab099998749b9af321b905f8ed7b340e761e67a57e165dcd739bb71ebbfd4bbe851eaddfa340c5e85f57b11e462f4a0d2f3f40d2e7b41fe4332f7fa4ef77f82d8ac51855e1e4386374c762559041b6cacb6a639dee0efb462ef14ddf4bf72cb2c520e5e3d75471ba5d2fade0f5368149355e582dfb3585bbfd3768cc8acd6eb2ac8c5b3fc1e5635b6e3ff82dfeb6fad682e56ee903d4231315b8c1961bf172b15cd65b45bb76596d38cf3f65d990dfe91433d1a336afe9547f8542775bead4dd8d9bd572abc0651754cc8c2637654ea6c73b0adcdbefc91bfdd90fa322aa6bb7660e27f3b6e57e97d264f973771d9224f5e92abd37a8e2f53c5fb5e238be9df6561c63535bdd56e6ed2e6babb367a953ff00c255e9ab4a0208d0ae5249248294924924a7ffd0f4bb18cb186bb1a1ec708735c01041e5ae6bbdab97afa674cc5fad5907170abc3753835fa06a636b659eadb67daae0dac6d7db4bdb8d4ffc17ad67fa7a9755fc571f83d4f3b3beb1bb2f24d6fe9a7d5c2c1b6892c3513baec8f52d631d739f958f895facdfd5ecf4adfb1fe8ebb2ecaabcb83c57d02e96ceb5db019b2f7d60f0c696b751fbae0c37bbfedcfd1a90a292cf4c0f6976e041dce2e3fe177bb73acb1dfbeff53d5fa0ab75c6d6fc6c6c4a6c6befbefd955acd76bf7319ff00461cff00fad2bac018e768e68c7dd3bf922bf6eefe57b95b6271e8caea5897d95b9fa561b34be2d616bbd42d78dcdf53d0bbf33d2bff0044ff00d1d8afbbabe25af6bad231da006d8e791b5a7f32aafe9597b9ff004bd3ad9fa2ff0009fe0d6466e7eeea16ec7fb1a195023f39ceddec1f9cedff004f67f2d53ea47270a8c9caa835b9b4d46d636c8b34ac7a8eadf46ef636dadbb5ff0041255bd4b995dacdce687b3b3bb7ba1c38ff00a0a5afba49735dcb1d05bf93ddbbf96b95e8df5f3aa8cac3a3ac626dc3cefe8d97534fa61ce9f4f67a95fe93ddbbe85bf4d6f748cc7665cfc2b4b464563731cdfa36d53b7d567eed95fb7d4ad209208345a9d61bd3fa7eccb6e1bf1b2ae76d6755c414506a7b40f4ebccbefb7169b2ab76d6cab1b337e164fa7553fcf7a6ba1e95919993d3b1efcec738b96f69f5e83f9af692c716eaff00659b7d56377ff36b3db96fb3168fb3be86599fb9ac65cd3631e5b2db719db5d5fbb67bbf3ffc27b3f9c42fa9dd37169e9cdea8caa8ab27a9575bf2198b5368a6bdbbb6e2534d45dfd1edb2ff0052fb3d4b722dff0009e97a15570730070dfec5f03d1e8124925517a92492494fffd1f46cdc63998591881eea8e4d4fa7d4aced7b77b4d7bd8ff76c7b777d25c66064bb2ba662da1818f38f530b08dac0e63195398df49bb7d3dedff075ff00c5aeeb5eda15c8754fab1d53128b59d09b5dd8d2eb31f0dce153e9b1c7d46d78f6398fa6dc36deff0057d17fd96dabf48cf5aefd0d2ab60988d83d53316e2fed1b99d630c64ecc768b6c38cd687bbd768ac6cbabc86fe819fa4fd0fd9b7fda77ff0083a596ae8adeb7f69e960bdd36d95dbfa4100b8b9d59ac0da3fd05fea2e63a9f40eb160b5d7bd94e46158dcac2a6aacbfd4baa613ea6fb7d3ba8fb4640fe63f4b57eff00da2cf472558c07fdbd8f6e330b0d7ea1750efa4c7b035f918ce07e8db4d8eb2967fc4d7fe91588cc4ae8ac90229932eba8cdaaea0b8dc416d55340e5c037f47edf6fd2fe737fa9ea7a4c5b3d5e81918de87daf11ae6b0b2d6dcf97ea3658d191363ff3be87a3b165f50e8fd470aabb2ebdb736a3ef631a773983e8dad76edfb76ff3adb3f99ff86ad63539948b4e2131915b0daf639ae6fb09fe737dbfce35ae3b77ef4f5ac061f52fd8cce87911914d377ab8d935e458195d81868a9eec5657659654db365ecaebf47f5bb3d47bfd35bf80ceb6db6acaf41b6e6e25a03c51ad7ee3e93b7d87db532ddf5e45957f8067fc5ac9b335b57a6d00df7de4371e9af57d8e3fba7f359f9d65bfe0ab56aea3aae2506cc8a2bbf12d9aec7f4dbcdc4023d32cb3176e3643ff004767f81f57d9fa4f4932e10357465aea57dca5ad5d27af2416bf028b467d6d03d4a31d96bdcc73035bf69a3230199775394cf6bd96fd9a97d2fd9bd745f52edb0f4ab315e438e0e4dd8fbc926c203bd7dd940b2b6b2e7fafbfd9fe93dfe8dbeae3d7e70cc461caf4ba5f54c2c5c13a329c9c97e3be9207e959632fdf637f9bf77f37ff0050baae9b5b998032fa1dd661e4d904b1f61b2a36b09f52bbdaedfeb57fa47ecb7fd1d95daaa73dccc30c61ee02233970fb911c5081febfe93263802343e60bdd921a0b9c76b4092e3a0007795cdbfae751cf22ec27b71305d06873abdf7dad8f6dee16bbd2c5a6eddbe8abd2b323d3fd25be8fabe8aceb3a766675aee9b81937bad347a9976e4645ee63a977e8198f6b77dd5d76750fd3bfd4f47f47e85b6575fd047ea433714d5f6dc67e3d165ed6bdf8f6b1efb043edfb260b58ea32bd7c87b594bb6515fa547da323d5a7d3f5567e4cb9f2e3c72e5a2611c84f165c9c03dbc71fd3e1f5fa5944403a9b3d9b03a8f5da5fead590ccce2716ead95870fdda7268f4fd0b5df98ebd97d5fd45bf819d4750c3ab331e7d3b8486bc439ae04b2caad6ebb6da6c6beab5bfe917338acbabc5a9b96f06ead83d7b0b8100812f2eb7dbbfd368fd25ff00e1367acb67eac09e8f5dc010dcab2ec9ac1041f4eeb6cba876d77efd2e63d47f0fe63365396190fb831d70e403f97a65f3455302afc69fffd2f4d49249673223bf1e9c8acd77343da74d7b7f54fe6ae332b0f33a1fd643634b1f8fd52cafec7659ec6faee6d5817625f682efd2d95b29caa76fe96dd993e9fa9e9aedd57cec2c7cfc4b70f259be8bdbb5ed983e4e63bf32c639ad7d567f82b3dea4c790c257f441161e1f1fafe667d5d41b4e4635b5620b6ccb6cb0eda41353fd3f5777e8bdcf7ffd3f57fed3ac9c5c7e999f5d7d49f662e58c1b6baaec67065c5d46538627da0326cf4fd1c8b71eddae66f67a777fa4fd2fa0e77d5ae919b87561be93557431b4d6fa8edb3d1680d7623ed3b9d6e2dd5b7d3baab77fa9fceff3f5d57572cafab7d172ec65b7e303631fea6e6b9cd2e3b9b6399696bbf4d4becaeb7beab7d967a6a53cc022bbad1000dbc1d1d0bad60f547e57447555b06f6523792fad8ff4f7555b2ec4ea0da7d3755b7f47fe0ff711fa8647d66c52323ac650a68b4b297663abc7b5ad3bbd4a69cb75b85d2f2194bec67fc351fe9bd8bd198c656ddb5b431be0d103f04d7534e454fa322b6dd4d80b6caec68735cd3cb5ec77b5ed4cf775d620f7eeba9f37cf664e7e0d98ceeae6fccb984578cca31aaad95fb6ebf232ae0cb6d674fa2bfd25ff00cd7a9fd1ff00c2fbf4310e174dc5f5dec6e255d47201aa96b7d3631b608c769a86df4bf40cfb5663bfc16f5d763745e918b8f762e2e1518f46482322ba98181e1dbb77a9b03777d3fec21b3eaf74766ffd5f7fa955943bd4b2cb3f47680dbd83d5b1fb7d56b7ddb556e7318e6231c60fb58ef8b2088f54ff0075740f0ddd925c26f52b3a25f95901ad7579ac0007e9b732b6fa78e2c7306ff472ea6fa7ff00077e3fe8ff00a52714d9f69765655a72735e0b1d791b4319de8c4aa4fd971bdadff86bbfed4db90b4acfaab896566ab33331f5100163ad6bc18d58e2eb2973ff0046fdaffa7ff189dff576f99afa95b24cbbd4a6874ffdb5563aa39794e6e5831e1196150b8cb59c7dc87f928cbd1fa0bf8a3bf5715d4655d74e655464e20702cc216bebadc46ad39a7ecb73b276bbfed2ff0046ff004b5dcba9e979ceea182cca73054f73ac63d81c5c03aab1f8efdaf736b739ae755fe8d8b34740ea41d233e82d11a3b15d3f3757995ffd42d2e97827a7e05588eb05aeaf717581bb039cf7bee7b857badd9efb3fd23d4fc9e2cf8a26190404235c1edf53fa52922662468fffd93842494d042100000000005500000001010000000f00410064006f00620065002000500068006f0074006f00730068006f00700000001300410064006f00620065002000500068006f0074006f00730068006f007000200036002e003000000001003842494d04060000000000070002000000010100ffee000e41646f626500648000000001ffdb008400080606060606080606080c0807080c0e0a08080a0e100d0d0e0d0d10110c0c0c0c0c0c110c0c0c0c0c0c0c0c0c0c0c0c0c0c0c0c0c0c0c0c0c0c0c0c0c0c0c0c01090808090a090b09090b0e0b0d0b0e110e0e0e0e11110c0c0c0c0c11110c0c0c0c0c0c110c0c0c0c0c0c0c0c0c0c0c0c0c0c0c0c0c0c0c0c0c0c0c0c0c0c0c0cffc0001108006200ab03012200021101031101ffdd0004000bffc401a20000000701010101010000000000000000040503020601000708090a0b0100020203010101010100000000000000010002030405060708090a0b1000020103030204020607030402060273010203110400052112314151061361227181143291a10715b14223c152d1e1331662f0247282f12543345392a2b26373c235442793a3b33617546474c3d2e2082683090a181984944546a4b456d355281af2e3f3c4d4e4f465758595a5b5c5d5e5f566768696a6b6c6d6e6f637475767778797a7b7c7d7e7f738485868788898a8b8c8d8e8f82939495969798999a9b9c9d9e9f92a3a4a5a6a7a8a9aaabacadaeafa110002020102030505040506040803036d0100021103042112314105511361220671819132a1b1f014c1d1e1234215526272f1332434438216925325a263b2c20773d235e2448317549308090a18192636451a2764745537f2a3b3c32829d3e3f38494a4b4c4d4e4f465758595a5b5c5d5e5f5465666768696a6b6c6d6e6f6475767778797a7b7c7d7e7f738485868788898a8b8c8d8e8f839495969798999a9b9c9d9e9f92a3a4a5a6a7a8a9aaabacadaeafaffda000c03010002110311003f00ee5d32f39d7e673f9a628e1fd1174b1585c848595f8a70ba49165b77f5ff0061e47e31c5ea7eebd54f4a5ff7a6296292f95f5ffd336af6f78a2df59b1a47a958d7757fd9953f9e1b8fef2293fe66c7266a8e33c0263707bba36db20cd9b36415d9b192491c31b4b332a4718abbb1a00bfccd910d4fcfd12d94b2f96b4dbad7275a7a3e944f1dbc9f12fc4974ebe9ba70fde7a91fab928c25235104ab30665415660a3c49a652c91bfd9756f91ae725d47ccfad7992dc699aff0093a38e0908f86ea5bce20b7fc5b6d672227fc64f530a9fc9bace9a9ebe8da543101bfd4e1bbe60fed7c171e969d768f27fbf24b997fe3165f1d2ccf3b1f0b41901d43d6f5af32691e5d16efab4af025d3fa71388a491797daf89a159387fb3c1d637f63a95ba5e69f711dd5bc9f6268595d0ff00b24ce69636baadee922daea4bbd35e50619b47d5c7e94b427f9bd77fdfbffcf3bd8ffe31602d274bf32e89a932f016973237fa26ab6ecd736d3aff00cb36ab07eee477f87f7577fdeff7714b752cdeafd6647492ae7bf7f43fa91c61ec39b08741f31aea8d2585ec5f52d66d456eac59b97c3feff81bfddd6b27fbaa4ff9e537a52feef0caeb55d32cae6dacaf2ee282e6ecf0b5864750eedfe42fede6318907848dc746568ccd9b36455d9b366c55d9b366c55d9b366c55d9b366c55fffd0e9de78d1f56d6b409ac747b810dc31abc2c10acf17164781bd659513d4e7f6fd3fef1132056377a4a1b5d3357bfbcd2bccd60be8dade5e1486f38b7fbabd545faadf27d9fddffa4c5f63d5fdefef73b1647756f25797358bafd21756ad1df7c3caf2da57b699b8afc3eacb0b46efff003d335f8738803190b896c90badea92293ccde69d2a0f8869daaa86e11ccd24b6731fe4578922bd8ddffe2c8e48e2c1a2fbceb7aa8ccfa7e93fcf1aa4b7ee7fe7abb59469ff0022e5c23f286930c775aaea497335cda1bc961d352e25799d120fdd3b737693fbc747f4bfe2af4ffdf992a98dc8a7d5e346fe6691d929ff0000b273ccb18309a908736a3390dac7bd8f5c5adcdedd0875dbd9f548623ca1d2ca451c4eebfeef9628563e70c7feea8ee24922ff0076ff00bae2c335d4668ee7eacf07d91f1242af271f87e0e6fc638ffeb8c5bea97323319a658837db1027066ff5e57fde7fc8bf4b1692d6328a21022688522603e10bfcaffce99688c622a2001e4c49279acfae9ed6b39ff60a3fe26d8a46f7d30260d3e534f164ff008d1a4c207d62eaca730abc65448b1b413f22c9fe4faa9fb1c15e4feef251a56bb65724437317d42e7a0747ac6dfecbfeaa478576ea95ff00b9f86e4acd6c9f577355f51b810bfcbfe5ff00c8bc7dfdb5ecfc0d9cc2dde3dd5eadbff3abaff76ffb186572c04e55a8189fb27663fec313229b1db1431bd5ecb5a92da2bb8563fd2f667d4b2bc80b7256fdb8a589fd3f5a1913f772c7ff0033a38a5c26d4e1b0834bbabed4395cebf6d25b6a975793251ddad655b8782dd5fd4f4523449638a08ffdd4ff00eedf5259659c243e9b2b7a8ec42d1b93554ffb1fe7ff008c795e97aab22dcc68cae69c7ed724ff002f9ae03104dd6f557e4c8488a1e76de9de73d2b55d75745b061708f69f5b8af6265785be25e71724fdb8d258a4ff0067924c8437957cbcc630966b6a2366756b367b56e4caa8ff0015b347fb1127fc0478bb5e4de5265796f25bef2fecb34b7079cd65fb092faaff00bc9ad7fdfb25c7a92c5fdefab245fdd6165d2902e1bd0e5d5b23307c99866ca0410083507ecb65e6233766cd9b15766cd9b15766cd9b157fffd1ee794454119791cf3bde4d65e5eb87b6d486973b911c571e97af2b337fbaade2e51f39a4feee2cd4445903bdb523f2ad8c1a5dc798342b698cb1e9d78924556577115d451bf1764fdb8df9c7e9ff00be9e3c3f7127a723440164567553df8e427f2f6def743ba8edb5215370929bd34fda95d9d559fedcd37c0feabc924b2c923e744bafab585a5e4d1c81e4890a329eccdf0459b78822201364071cee49639a76aad7775240f40c0d3874a715e7f07f3fda4c3602a68308343b7477d475b446658f9471a8ddb8c5f6f87fc647e31ffb0c914009fde91c7d35e6c0f6ff0037e1924245af59c51c897307159bd4e12ff2ba7c5f6ffcbff8b300ca635a346c0ab9634fe5f8b9f1ff009e7cf1be66bc595a0b789ab564e3fec995dffe1130243cae1cc500e6e3ed01dbfd7fe4c58aad9eaf729297b20ad70acd1b5cca19962556e09145ff00273fd9e4cb4b827bb451792a2cdd5fb31e5fe4ff003e73fd52d9decee2d49e0ee8dc1a36f895bf61be0fb1f1e73eb0f31f9a21b717915e7ade9fd9865552df0fc1f6ff00bce7809039b642065cba747d117568d6fc9ced173e0953b9ff003e381b20fa179c64f337979e0b83f57beb76fb4a36e7fcdf1ffbf13245e5bd4a4d48c96173b5fc3c78d3ecbaff00327fc9cff61262c791a4dc471cdfb9950c8920e0e83bae432e7f2f20d1239beaba526ada549c9a3313fd5b54b6e67eca4b33471dcc3f1f0f4e7923fdd7eea5facc4f933b556b8bfbeb30c035a85283bff9fc2d914f331bc974c7d4f4dd5ae21844b0fd6e8cafc20f5552e993d659383c70f293d3ff002323288237bdbbb9b28920fbd91795bcc09a94971a4a69d73603498e18dfeb2f149f6d5b845ce196e3f7dc1564f4fd4feede3fe7c93e1768da3d868764b67a7a158aa647763cde476fb52cacff001bbc98639aa998991e1143a378766cd9b22aecd9b362aecd9b362aff00ffd2ee79cf3cc573789e7cb44bd8d0d947a74d36944bfc42e15e34b86f4bf9f84f147149feea8967ff007e4b9d0f39ff00e667a36f37972fd938b457cf09bbe3fdda4f04917166fd8492668bfe7a2266b74c6b2c7e4d92e47dc859265894cd2c8100dd9d8d29fecf09f53f32d85a4330176a6e0a3148c722eedfe4aa7c737fcf3c3296658163e6d5e45539d3f6b23ba9dacbf58b9bfd3e592d757313c2b42b2457117fbe9e2fe4f8ff00dd7e9cb173cd992402457c5c78804d165fe51d692cb4385654e493fa2e51be0a73f8f93ffb04c936b57305ba5d8b76dc47cde9fccdcb8ffc6b9c67cabaf36a9a4db3d452d9a2b49a82956f423f8bfe4737a7931bbd4e5911b7afaf0451cbecd13704ff00845ff87c2a76242557f24b413205e481b94acd4e2bfb7c3e1930f7cbb7a23861b28a38ade5937979726666ff00927ff27323d3cc5168aa598f2e229f0f2ff2ff009305e8f7f67a3996faf0b4b714a201f67937fc43fdf71478b10533f304ba7da38a46d04a4d19caf088ff00a9cf20de40f311f2f6b371613ceb0e9f2ce45da3a87429c5bd26f8ff00cbff00767f9793b93cdfcd597ea6b4229c59eabff03c72377d1d8ea329967b48457f6557a6467032891645822c736cc79040dd7103d18fade2797fcc93cf7b7f67345a9bca654b26ac50fc5ce267e0be9a7db7fddff7bfefec96dbea06deeedb54b6661e93ac6ce36aa37fcdfc3fe4a602b2b2b0b7592174e56ce1bfd1c2afda6fb7f17f27fc8dc36b4b7d1ae2c9e0b99dad76f4628d51fe1fd846e6ebf1fec60844c62224dd75aa4649894b880a465d6bb343acdcea964af248f332c4b0ab3b1555547f87f939f3c24f334f7179617cda108bd6be478f53d2a62d19952546476b7e7f626f8964fde7f27fbb70aaebce966d7f2693a4225bdbdb3bc0d34eefc0fa5f03feeadbf78fea3aff007971249829350d35ad04d71a8c3ea18db9d9b582952dc7fbaf55258e4ff92b84c8338e399debcdebbe5ed5acf58d26deead6e12e08448ee38721c65555e71b23fef11ffc893f7986d901fcb4d4ec21f2f2e992b416b258c9e9aa55539c6e8b3dbb0a91ea718a458a67fdb9a1932577de62d0b4d93d1bed4208251d63671c86d5f89455976df7cd54e3c3223b8b7004f4299e106a7e6fd2f4eb97b088497d7f1d39dadaa172b5ff007e48690c741f171793ece03f3079a2da4d2913cbf7d0cb7b7eeb05bc91307f4c30e7248c17970648164913d4fda5c25b2b386c601040a6952ceeff0013bbb1abc929ef2337f37c59aced1ed18e9046223c7925b889da223fce936431f595fb93a7f39dc052c9a25cb1ec0cb6e36f7fde1c19a4f9bb4dd4ee16c64496c6fdc12b6b72bc4b01d7d390728a4ff62fcb23715cdbcfcbd09525e1f6c2306a76de876c4afec61d42030cc4ab8a3453aecc922eeb2211f102b9adc3dbd97c411d462888dd1e1e28ca3e752326671c4ed54f48cd84de55d4a7d5742b5baba005d28686e38f43242c62723fd62bcb0e73a2b1cef6eff269e13c5c3d6e9fffd3ee780756d26cb5bd3ae34cd423f52d6e5784a95a37facadfb0ff00e5e0ecd9a7069b5e4faef927cd1a759cd0e8c5357b658da3b2496468ee625ff7573f8bd0b8f4dfe0964fddcb2c5ff16ff7a472f9675e7bdb6b6d4670b690abfaf3db16b59dd9d95d165e1fefb75f53d48e48bd5ff76ff77fbcee981ee6cadaed78cf186f7fda1fecb2ff00cc4fafcfec4507cfa2c20f296b096a8b24da7ea2aa6e2e6455a25c7aade933f058e34f51e548ff00d847927d3e19b528ab10fdefa1eb701dfecf35c95799fcb08da7dcc5c0dc5a4b194953f687c3fe47fc4f21bf979abc0f6765713b90445f57b866f878ca9c79f3ff00669ff0f999a7c9c7123b9ab247af7a6d2795ee2e04463999629915e29576e2dc79f197fc8ff8b322ba825ed85db585cb3af0dd9cc5561fea322fa6ff00f193d3ce86de68d3e3bdfab57940154faaa1be1fb5fb3fc9f07fbaf237e65d56c75168678165465fddbfa8178fc4df07d86cbda8d7463769abd8df3c91da4eb2bc3b480755ff005bfe030689000493403766f0c8f368b11f335bdc7d665b58b5006d666b7e0adeaf1e6bcb9ac9f0488be9f3fef7d4e1fefccbd634dbff002fcc6c20bc6bc82ea3b8b8549833cdf03468b1a3f2f8d3f7bea7f77fdd27fc599133025c279f365c162c2776f3dfeaf7ada66842233442b3dcce5bd24ff25387ef1df055fd9f9a7404326afa7acf6c3e37b9b3e4c5557f69e09bf79ff22f1de59f31e8fa26970592e8135d9a56696e1604e52fedb7efa5ff003e186173e6fd3a4867f4747d4d032b08613224f6f1b7f322a348ff00f3cffbacc6965d47112207879510dc218aa8904f536c5f5282cfcd364a347bd8d2e236e7c18756ff002d3fbc4ff8c995a479635fd255f5abe16d3d9da9a4b12bb3b14078c9f03a227c2859b9619dd5e7966fe4566f2edfde4bc542b9b6485c37fc6585a3e7ff003d30964d2619b5bd32c64d32ef4682659648e66652fea22abacaeaed247e9fdbfddfa7fdef0ff8b30e4232e39432e394632891227953285e3238640efcbabd05b4cd2750b2263b687d3b88eab222202390a54103a8c6e9d61fa3eca49352759ae9c996eee18035a0a2b54ff2a0c0fe5549134b019da4b73231b467fb463e818d163d9c8765f817f67046bf13c9a6c838b4b123a49770a12ad2c286b2a061ba1e1519c04bc48ea25a0f1cf852cc01913dc7846e77fe2f57f49cdeb56ed33cb3acea1f56f34da2c24dd7a8f1d94ecd17185a8b03aba2b8e4d1af3dd7fddb8a6b16be625d3eee17d2de03e9b29ba59a168829dddd9cb2381c7fc9e7937b9f30e8f61a541aacb381693aa1b6e00bb49c80e0b1c6a0bbb6ff00cb90dd42e750f33c81f535369a4290f0e980fc5250d524bb65ebbfc7e8a7c29fb7fe5ef75b8bb3f10866d4477c6046038a5c444394042e8f9b5c65391dc0a1de86b24b4b8d41af74bb716da6436f1d95ad14a34e23f89a675ff258d119fede184b2c7044f3ccc1628d4bbb1e8146f5c46f2f6cf4d803dcbac28051129d874544ea71f61a4c9e6065b9d65d6cb46460e2c9dc2cd3907e1facd69e947ff157ed7edff91a68e9f51da9a939cc783193465d044748ff003a4c8d0dcec07dac93c9503c3e5bb3793ed5cfa9774f0171234ca3fe05f24194a54aa9420a900a91d29da9979d5d0e55b72af271f8bd5c5e76ff00ffd4ee79b366cd3b6bb366cd8ab44022846d9cbbcdbe5d9740d42ebcc3656debe8b70d1dd6a70c6406b768b8fab3f176f8eda58624f57d3fdec5c3fba97d4fdd752c6491c72c6d0ca81d1c1474615057f97278f24a06c7b8fb9045f3786dfc7aadcde5f6b1a4e8cf26822696de07b565e7c627e12b4517f27c12c7fefdf57fdd58b79964b4bbbe821f29d97d66da6b286f2748a550aaaf3489c57d66fefa4789bf77fbbfb1fbdf4f3b3d9d95ae9f6b15958c2b6f6d0af08a18c515570bacbcb3a2e9fa85eea76b68a9737f4facb1a943c599fe189ff7717c72bc927a7e9fab23bcb970d4c8107f9a2879ff00590611df6e6f29975d61e54bfd0b51b096c2f2d7fdcae98f39462ef6f2adc370685a4f8e3feef87fbe9ffe326498f96d35f8922bab14ba847c6beb22940dfecf27577a2e937e8915e59413ac6cb222c91a9a32fd86c1c00514028076cace5b36051249f9b2ad80ee79ec7f959a2a8afe8eb053ff001854ff00c6b85bae7e5b4da75a3ea3e59b758f5184a15b6b42b1a4ebc979abc4fe9c0ff073ff008b7fe2dceab9b04734c10413b2d03cde15a3f9a3536b98ade2d22fa3d4242cff0053589d9b872645e6ceb1a7ef38ff00c628ff00ddb2e196afa15f5b08b58f324e906a3aab359ac4d20f46cec8832ca819be07bb987c323fec7f771fc3fbc97b15056b415fe6c6c91452af19515d7c18023f1c9e6d4e4c90308fa2c1163737dfba2118c6425574f2dbbbafac456fa4797e48e4bdbb221b658dd58468a2b248789fb291d706e9d76d7b68934abc265263b989a84a4d19e3229ff6433a1c76b6d13738a1446fe65500fe030a6efca3e5cbeb892eee6c11a798d659159d0b1f13e9b2ef9a09f6261380638cc89899978847148f17f09e5dce478a3a83fa6de7d124f67aa59e90c80e9f1b4f73645b7e1eaaa978803d3d3757e3fe4caf87d5ad287f8529876de46f2ef1a410cd6ee0f213457137a836a101dddc853fca3127f245a71a41a95fc47c4cc24ff93a8f90d676467d41c7239e24c31881e2045f0dfabf893e2c0f78f82472da5a4edca782394f8baab1ff00865c44e91a536ff50b727c4c287f80c3e7f25dc8522db5cb956edeac504806fe01233ff0d89ff83f57008fd368d5eef6609ff85997313f91b5f0da19a143f9b398fb38523247f9df7a61e48a9f2b69cc4539abba8ff25a5765ff00853920c07a4d80d2b4cb3d355fd41690a4224a71e5c142f2e353c6b8333a6a1cba7e868bf5df9dbfffd5ee79b3c199b34edafbcf367833362afbcf367833362afbcf367833362afbcf367833362afbcf367833362afbcf367833362afbcf367833362afbcf367833362afbcf367833362afbcf367833362aff00ffd9);
INSERT INTO `bonuses_img` (`id_bonus`, `bonus_img`) VALUES
(9, 0xffd8ffe000104a46494600010201006000600000ffed10e850686f746f73686f7020332e30003842494d03ed000000000010006000000001000200600000000100023842494d040d000000000004000000783842494d04190000000000040000001e3842494d03f3000000000009000000000000000001003842494d040a00000000000100003842494d271000000000000a000100000000000000023842494d03f5000000000048002f66660001006c66660006000000000001002f6666000100a1999a0006000000000001003200000001005a00000006000000000001003500000001002d000000060000000000013842494d03f80000000000700000ffffffffffffffffffffffffffffffffffffffffffff03e800000000ffffffffffffffffffffffffffffffffffffffffffff03e800000000ffffffffffffffffffffffffffffffffffffffffffff03e800000000ffffffffffffffffffffffffffffffffffffffffffff03e800003842494d040000000000000200033842494d040200000000000800000000000000003842494d0408000000000010000000010000024000000240000000003842494d041e000000000004000000003842494d041a00000000007900000006000000000000000000000062000000ab0000000c00530061006e0073002000740069007400720065002d00310000000100000000000000000000000000000000000000010000000000000000000000ab00000062000000000000000000000000000000000000000000000000000000000000000000003842494d041100000000000101003842494d0414000000000004000000063842494d040c000000000e1d000000010000007000000040000001500000540000000e0100180001ffd8ffe000104a46494600010201004800480000ffee000e41646f626500648000000001ffdb0084000c08080809080c09090c110b0a0b11150f0c0c0f1518131315131318110c0c0c0c0c0c110c0c0c0c0c0c0c0c0c0c0c0c0c0c0c0c0c0c0c0c0c0c0c0c0c0c0c0c010d0b0b0d0e0d100e0e10140e0e0e14140e0e0e0e14110c0c0c0c0c11110c0c0c0c0c0c110c0c0c0c0c0c0c0c0c0c0c0c0c0c0c0c0c0c0c0c0c0c0c0c0c0c0c0cffc00011080040007003012200021101031101ffdd00040007ffc4013f0000010501010101010100000000000000030001020405060708090a0b0100010501010101010100000000000000010002030405060708090a0b1000010401030204020507060805030c33010002110304211231054151611322718132061491a1b14223241552c16233347282d14307259253f0e1f163733516a2b283264493546445c2a3743617d255e265f2b384c3d375e3f3462794a485b495c4d4e4f4a5b5c5d5e5f55666768696a6b6c6d6e6f637475767778797a7b7c7d7e7f711000202010204040304050607070605350100021103213112044151617122130532819114a1b14223c152d1f0332462e1728292435315637334f1250616a2b283072635c2d2449354a317644555367465e2f2b384c3d375e3f34694a485b495c4d4e4f4a5b5c5d5e5f55666768696a6b6c6d6e6f62737475767778797a7b7c7ffda000c03010002110311003f00efbf6df4bfdaa3a38c861cf2d738d00fb86c6d56ed70fdf7537b6eaff7eb65dfe895f5c8fd6ec514f51c6ea976386e0b2b2cccea356e75f8e58ef568c8ad95556db8efa3fc16557ead3657ebe2752c6b31eca365bc6fac599462b6ec8aebeab8ee81566f4f7d6c3692760df899b6d35b1ff9bfa9e6667fd6554f689889475ee175f77a24890012740392740162e4758eb0d63ed66053456dfa3f6ac98783c7e999874e563d4c6bbe959f6db7d9fcb59f76262661f4fab0c8ea5f6805e5b67a8cc7dadf7b3d1e958f66ca71eb76cf4accd65b93fbf917231e5e477d14661d4ea9f5931fa65a1afc4cac9a889764630aacadbfc9b1bebb6f6ffdb2a9e77d73c5ab099998749b9af321b905f8ed7b340e761e67a57e165dcd739bb71ebbfd4bbe851eaddfa340c5e85f57b11e462f4a0d2f3f40d2e7b41fe4332f7fa4ef77f82d8ac51855e1e4386374c762559041b6cacb6a639dee0efb462ef14ddf4bf72cb2c520e5e3d75471ba5d2fade0f5368149355e582dfb3585bbfd3768cc8acd6eb2ac8c5b3fc1e5635b6e3ff82dfeb6fad682e56ee903d4231315b8c1961bf172b15cd65b45bb76596d38cf3f65d990dfe91433d1a336afe9547f8542775bead4dd8d9bd572abc0651754cc8c2637654ea6c73b0adcdbefc91bfdd90fa322aa6bb7660e27f3b6e57e97d264f973771d9224f5e92abd37a8e2f53c5fb5e238be9df6561c63535bdd56e6ed2e6babb367a953ff00c255e9ab4a0208d0ae5249248294924924a7ffd0f4bb18cb186bb1a1ec708735c01041e5ae6bbdab97afa674cc5fad5907170abc3753835fa06a636b659eadb67daae0dac6d7db4bdb8d4ffc17ad67fa7a9755fc571f83d4f3b3beb1bb2f24d6fe9a7d5c2c1b6892c3513baec8f52d631d739f958f895facdfd5ecf4adfb1fe8ebb2ecaabcb83c57d02e96ceb5db019b2f7d60f0c696b751fbae0c37bbfedcfd1a90a292cf4c0f6976e041dce2e3fe177bb73acb1dfbeff53d5fa0ab75c6d6fc6c6c4a6c6befbefd955acd76bf7319ff00461cff00fad2bac018e768e68c7dd3bf922bf6eefe57b95b6271e8caea5897d95b9fa561b34be2d616bbd42d78dcdf53d0bbf33d2bff0044ff00d1d8afbbabe25af6bad231da006d8e791b5a7f32aafe9597b9ff004bd3ad9fa2ff0009fe0d6466e7eeea16ec7fb1a195023f39ceddec1f9cedff004f67f2d53ea47270a8c9caa835b9b4d46d636c8b34ac7a8eadf46ef636dadbb5ff0041255bd4b995dacdce687b3b3bb7ba1c38ff00a0a5afba49735dcb1d05bf93ddbbf96b95e8df5f3aa8cac3a3ac626dc3cefe8d97534fa61ce9f4f67a95fe93ddbbe85bf4d6f748cc7665cfc2b4b464563731cdfa36d53b7d567eed95fb7d4ad209208345a9d61bd3fa7eccb6e1bf1b2ae76d6755c414506a7b40f4ebccbefb7169b2ab76d6cab1b337e164fa7553fcf7a6ba1e95919993d3b1efcec738b96f69f5e83f9af692c716eaff00659b7d56377ff36b3db96fb3168fb3be86599fb9ac65cd3631e5b2db719db5d5fbb67bbf3ffc27b3f9c42fa9dd37169e9cdea8caa8ab27a9575bf2198b5368a6bdbbb6e2534d45dfd1edb2ff0052fb3d4b722dff0009e97a15570730070dfec5f03d1e8124925517a92492494fffd1f46cdc63998591881eea8e4d4fa7d4aced7b77b4d7bd8ff76c7b777d25c66064bb2ba662da1818f38f530b08dac0e63195398df49bb7d3dedff075ff00c5aeeb5eda15c8754fab1d53128b59d09b5dd8d2eb31f0dce153e9b1c7d46d78f6398fa6dc36deff0057d17fd96dabf48cf5aefd0d2ab60988d83d53316e2fed1b99d630c64ecc768b6c38cd687bbd768ac6cbabc86fe819fa4fd0fd9b7fda77ff0083a596ae8adeb7f69e960bdd36d95dbfa4100b8b9d59ac0da3fd05fea2e63a9f40eb160b5d7bd94e46158dcac2a6aacbfd4baa613ea6fb7d3ba8fb4640fe63f4b57eff00da2cf472558c07fdbd8f6e330b0d7ea1750efa4c7b035f918ce07e8db4d8eb2967fc4d7fe91588cc4ae8ac90229932eba8cdaaea0b8dc416d55340e5c037f47edf6fd2fe737fa9ea7a4c5b3d5e81918de87daf11ae6b0b2d6dcf97ea3658d191363ff3be87a3b165f50e8fd470aabb2ebdb736a3ef631a773983e8dad76edfb76ff3adb3f99ff86ad63539948b4e2131915b0daf639ae6fb09fe737dbfce35ae3b77ef4f5ac061f52fd8cce87911914d377ab8d935e458195d81868a9eec5657659654db365ecaebf47f5bb3d47bfd35bf80ceb6db6acaf41b6e6e25a03c51ad7ee3e93b7d87db532ddf5e45957f8067fc5ac9b335b57a6d00df7de4371e9af57d8e3fba7f359f9d65bfe0ab56aea3aae2506cc8a2bbf12d9aec7f4dbcdc4023d32cb3176e3643ff004767f81f57d9fa4f4932e10357465aea57dca5ad5d27af2416bf028b467d6d03d4a31d96bdcc73035bf69a3230199775394cf6bd96fd9a97d2fd9bd745f52edb0f4ab315e438e0e4dd8fbc926c203bd7df940b2b6b2e7fafbfd9fe93dfe8dbeae3d7e70cc5adb9619d33a961d3803e8e2e4653f1acaf689ba97fafbacadf67a5f49de9ff00d05d560d06bc26657d5fcab714e586b9c6d7fa8d2c76f65bbd8e0efd6b1bd4b1f559fe9ebff46aa73dcce3c220328204cd47201708ff007d971c01160f9dbdc645f4e351664643c574d2d365963b86b5a373dc7fb2b9ff00db9d6724fab532ac0c776b555756ebb20b7f35d9116d146339cdf77a1fa77d7fe11ea957d332ba9e55b898d9579a319acb324e5db76454fb0965d8b88ea5f7359fcdb3ed391b7f9baecc4ff4ca19b57553996619b2969c700df654fbab2e75ac7fd9cefd9658df436fda2daf7fe9bf4556ff00e716767cf9658a193091871cf59e5cc23c5089f93f57fadf9d92311b5d9741dd77ab62ce45cdab331ab1baeaaaadd55c183f9cb68fd2df5deead9eff00b3fe8bd4ff00076eff00d1ae898f658c6d95b83d8f01cc70e0b48dcd70feb2e432b24e26334922dc97eda6869867ab7bbf4556eff07535f6fbedf76ca5753d3f13ec5818b841dbc62d35d3ba227d36b6bddb7fb297c3f3e6cd8e52cbeae195432570f1fef8f4fee22600a7ffd2f4d49249673223bf1e9c8acd77343da74d7b7f54fe6ae332b0f33a1fd643634b1f8fd52cafec7659ec6faee6d5817625f682efd2d95b29caa76fe96dd993e9fa9e9aedd57cec2c7cfc4b70f259be8bdbb5ed983e4e63bf32c639ad7d567f82b3dea4c790c257f441161e1f1fafe667d5d41b4e4635b5620b6ccb6cb0eda41353fd3f5777e8bdcf7ffd3f57fed3ac9c5c7e999f5d7d49f662e58c1b6baaec67065c5d46538627da0326cf4fd1c8b71eddae66f67a777fa4fd2fa0e77d5ae919b87561be93557431b4d6fa8edb3d1680d7623ed3b9d6e2dd5b7d3baab77fa9fceff3f5d57572cafab7d172ec65b7e303631fea6e6b9cd2e3b9b6399696bbf4d4becaeb7beab7d967a6a53cc022bbad1000dbc1d1d0bad60f547e57447555b06f6523792fad8ff4f7555b2ec4ea0da7d3755b7f47fe0ff711fa8647d66c52323ac650a68b4b297663abc7b5ad3bbd4a69cb75b85d2f2194bec67fc351fe9bd8bd198c656ddb5b431be0d103f04d7534e454fa322b6dd4d80b6caec68735cd3cb5ec77b5ed4cf775d620f7eeba9f36ea432333a75d4bfab3f272ecadde9e2558f8d5b5b58db7df7e4581b65bf61a6bf7ddeeabd5fe8dfe17dfa78628e9d4d155ac18d6751b5d63286b76b2b2fdbb2bd836d74b19bb1319db7e9e7647fc2aeb31ba3748c4a2ec6c4c2a31e8c9917d75d6d6b6c0e99f57681bfe9a133eadf44ad9731988d0dc967a56fb9f2593bf6b1fbf7d3eff00d27e8767e93deab73b8a3ccc638c1f6f182652111ea9cb87f57fe2c9740f083764979cb3a865f4a36514dc71a8cbc8fb59c86b58e7b011b7a8d537b2d63bd3fd0e756fb2bfe855e77f83c3ad3e663f51fb4bafaefb6eb2d6edb8bacaaa3bda36e35dfd16dc77d6d66f65b57a5ff09fa45becfab5d2dafade4e459e93c58d6db916daddcde0b9973dfbbe9218fab18b5923132b23169fccc769aecad83f769fb5537d9557ff0004db3d2aff00c132b55a5cbf33ede30326399c638250c91e2c19611fe6e528f0fcf05fc71bfec7232fd36f4ec8fb6ed7522877da800431c369dfb59eefe71ffcd7e7ff00d7175180dc86e063372a4e48a6b179264fa818df5773bfaea951f5770997b2fc8b6ecc7d4e1652db9cd15b1edfa36371b1998f43ded77bd8fb996fa4ff00e696aa7725cacb978484a42529904f0fc91e1edf2fef2d9c81d9ffd9003842494d042100000000005500000001010000000f00410064006f00620065002000500068006f0074006f00730068006f00700000001300410064006f00620065002000500068006f0074006f00730068006f007000200036002e003000000001003842494d04060000000000070002000000010100ffee000e41646f626500648000000001ffdb008400080606060606080606080c0807080c0e0a08080a0e100d0d0e0d0d10110c0c0c0c0c0c110c0c0c0c0c0c0c0c0c0c0c0c0c0c0c0c0c0c0c0c0c0c0c0c0c0c0c0c01090808090a090b09090b0e0b0d0b0e110e0e0e0e11110c0c0c0c0c11110c0c0c0c0c0c110c0c0c0c0c0c0c0c0c0c0c0c0c0c0c0c0c0c0c0c0c0c0c0c0c0c0c0cffc0001108006200ab03012200021101031101ffdd0004000bffc401a20000000701010101010000000000000000040503020601000708090a0b0100020203010101010100000000000000010002030405060708090a0b1000020103030204020607030402060273010203110400052112314151061361227181143291a10715b14223c152d1e1331662f0247282f12543345392a2b26373c235442793a3b33617546474c3d2e2082683090a181984944546a4b456d355281af2e3f3c4d4e4f465758595a5b5c5d5e5f566768696a6b6c6d6e6f637475767778797a7b7c7d7e7f738485868788898a8b8c8d8e8f82939495969798999a9b9c9d9e9f92a3a4a5a6a7a8a9aaabacadaeafa110002020102030505040506040803036d0100021103042112314105511361220671819132a1b1f014c1d1e1234215526272f1332434438216925325a263b2c20773d235e2448317549308090a18192636451a2764745537f2a3b3c32829d3e3f38494a4b4c4d4e4f465758595a5b5c5d5e5f5465666768696a6b6c6d6e6f6475767778797a7b7c7d7e7f738485868788898a8b8c8d8e8f839495969798999a9b9c9d9e9f92a3a4a5a6a7a8a9aaabacadaeafaffda000c03010002110311003f00ee5d32f39d7e673f9a628e1fd1174b1585c848595f8a70ba49165b77f5ff0061e47e31c5ea7eebd54f4a5ff7a6296292f95f5ffd336af6f78a2df59b1a47a958d7757fd9953f9e1b8fef2293fe66c7266a8e33c0263707bba36db20cd9b36415d9b192491c31b4b332a4718abbb1a00bfccd910d4fcfd12d94b2f96b4dbad7275a7a3e944f1dbc9f12fc4974ebe9ba70fde7a91fab928c25235104ab30665415660a3c49a652c91bfd9756f91ae725d47ccfad7992dc699aff0093a38e0908f86ea5bce20b7fc5b6d672227fc64f530a9fc9bace9a9ebe8da543101bfd4e1bbe60fed7c171e969d768f27fbf24b997fe3165f1d2ccf3b1f0b41901d43d6f5af32691e5d16efab4af025d3fa71388a491797daf89a159387fb3c1d637f63a95ba5e69f711dd5bc9f6268595d0ff00b24ce69636baadee922daea4bbd35e50619b47d5c7e94b427f9bd77fdfbffcf3bd8ffe31602d274bf32e89a932f016973237fa26ab6ecd736d3aff00cb36ab07eee477f87f7577fdeff7714b752cdeafd6647492ae7bf7f43fa91c61ec39b08741f31aea8d2585ec5f52d66d456eac59b97c3feff81bfddd6b27fbaa4ff9e537a52feef0caeb55d32cae6dacaf2ee282e6ecf0b5864750eedfe42fede6318907848dc746568ccd9b36455d9b366c55d9b366c55d9b366c55d9b366c55fffd0e9de78d1f56d6b409ac747b810dc31abc2c10acf17164781bd659513d4e7f6fd3fef1132056377a4a1b5d3357bfbcd2bccd60be8dade5e1486f38b7fbabd545faadf27d9fddffa4c5f63d5fdefef73b1647756f25797358bafd21756ad1df7c3caf2da57b699b8afc3eacb0b46efff003d335f8738803190b896c90badea92293ccde69d2a0f8869daaa86e11ccd24b6731fe4578922bd8ddffe2c8e48e2c1a2fbceb7aa8ccfa7e93fcf1aa4b7ee7fe7abb59469ff0022e5c23f286930c775aaea497335cda1bc961d352e25799d120fdd3b737693fbc747f4bfe2af4ffdf992a98dc8a7d5e346fe6691d929ff0000b273ccb18309a908736a3390dac7bd8f5c5adcdedd0875dbd9f548623ca1d2ca451c4eebfeef9628563e70c7feea8ee24922ff0076ff00bae2c335d4668ee7eacf07d91f1242af271f87e0e6fc638ffeb8c5bea97323319a658837db1027066ff5e57fde7fc8bf4b1692d6328a21022688522603e10bfcaffce99688c622a2001e4c49279acfae9ed6b39ff60a3fe26d8a46f7d30260d3e534f164ff008d1a4c207d62eaca730abc65448b1b413f22c9fe4faa9fb1c15e4feef251a56bb65724437317d42e7a0747ac6dfecbfeaa478576ea95ff00b9f86e4acd6c9f577355f51b810bfcbfe5ff00c8bc7dfdb5ecfc0d9cc2dde3dd5eadbff3abaff76ffb186572c04e55a8189fb27663fec313229b1db1431bd5ecb5a92da2bb8563fd2f667d4b2bc80b7256fdb8a589fd3f5a1913f772c7ff0033a38a5c26d4e1b0834bbabed4395cebf6d25b6a975793251ddad655b8782dd5fd4f4523449638a08ffdd4ff00eedf5259659c243e9b2b7a8ec42d1b93554ffb1fe7ff008c795e97aab22dcc68cae69c7ed724ff002f9ae03104dd6f557e4c8488a1e76de9de73d2b55d75745b061708f69f5b8af6265785be25e71724fdb8d258a4ff0067924c8437957cbcc630966b6a2366756b367b56e4caa8ff0015b347fb1127fc0478bb5e4de5265796f25bef2fecb34b7079cd65fb092faaff00bc9ad7fdfb25c7a92c5fdefab245fdd6165d2902e1bd0e5d5b23307c99866ca0410083507ecb65e6233766cd9b15766cd9b15766cd9b157fffd1ee794454119791cf3bde4d65e5eb87b6d486973b911c571e97af2b337fbaade2e51f39a4feee2cd4445903bdb523f2ad8c1a5dc798342b698cb1e9d78924556577115d451bf1764fdb8df9c7e9ff00be9e3c3f7127a723440164567553df8e427f2f6def743ba8edb5215370929bd34fda95d9d559fedcd37c0feabc924b2c923e744bafab585a5e4d1c81e4890a329eccdf0459b78822201364071cee49639a76aad7775240f40c0d3874a715e7f07f3fda4c3602a68308343b7477d475b446658f9471a8ddb8c5f6f87fc647e31ffb0c914009fde91c7d35e6c0f6ff0037e1924245af59c51c897307159bd4e12ff2ba7c5f6ffcbff8b300ca635a346c0ab9634fe5f8b9f1ff009e7cf1be66bc595a0b789ab564e3fec995dffe1130243cae1cc500e6e3ed01dbfd7fe4c58aad9eaf729297b20ad70acd1b5cca19962556e09145ff00273fd9e4cb4b827bb451792a2cdd5fb31e5fe4ff003e73fd52d9decee2d49e0ee8dc1a36f895bf61be0fb1f1e73eb0f31f9a21b717915e7ade9fd9865552df0fc1f6ff00bce7809039b642065cba747d117568d6fc9ced173e0953b9ff003e381b20fa179c64f337979e0b83f57beb76fb4a36e7fcdf1ffbf13245e5bd4a4d48c96173b5fc3c78d3ecbaff00327fc9cff61262c791a4dc471cdfb9950c8920e0e83bae432e7f2f20d1239beaba526ada549c9a3313fd5b54b6e67eca4b33471dcc3f1f0f4e7923fdd7eea5facc4f933b556b8bfbeb30c035a85283bff9fc2d914f331bc974c7d4f4dd5ae21844b0fd6e8cafc20f5552e993d659383c70f293d3ff002323288237bdbbb9b28920fbd91795bcc09a94971a4a69d73603498e18dfeb2f149f6d5b845ce196e3f7dc1564f4fd4feede3fe7c93e1768da3d868764b67a7a158aa647763cde476fb52cacff001bbc98639aa998991e1143a378766cd9b22aecd9b362aecd9b362aff00ffd2ee79cf3cc573789e7cb44bd8d0d947a74d36944bfc42e15e34b86f4bf9f84f147149feea8967ff007e4b9d0f39ff00e667a36f37972fd938b457cf09bbe3fdda4f04917166fd8492668bfe7a2266b74c6b2c7e4d92e47dc859265894cd2c8100dd9d8d29fecf09f53f32d85a4330176a6e0a3148c722eedfe4aa7c737fcf3c3296658163e6d5e45539d3f6b23ba9dacbf58b9bfd3e592d757313c2b42b2457117fbe9e2fe4f8ff00dd7e9cb173cd992402457c5c78804d165fe51d692cb4385654e493fa2e51be0a73f8f93ffb04c936b57305ba5d8b76dc47cde9fccdcb8ffc6b9c67cabaf36a9a4db3d452d9a2b49a82956f423f8bfe4737a7931bbd4e5911b7afaf0451cbecd13704ff00845ff87c2a76242557f24b413205e481b94acd4e2bfb7c3e1930f7cbb7a23861b28a38ade5937979726666ff00927ff27323d3cc5168aa598f2e229f0f2ff2ff009305e8f7f67a3996faf0b4b714a201f67937fc43fdf71478b10533f304ba7da38a46d04a4d19caf088ff00a9cf20de40f311f2f6b371613ceb0e9f2ce45da3a87429c5bd26f8ff00cbff00767f9793b93cdfcd597ea6b4229c59eabff03c72377d1d8ea329967b48457f6557a6467032891645822c736cc79040dd7103d18fade2797fcc93cf7b7f67345a9bca654b26ac50fc5ce267e0be9a7db7fddff7bfefec96dbea06deeedb54b6661e93ac6ce36aa37fcdfc3fe4a602b2b2b0b7592174e56ce1bfd1c2afda6fb7f17f27fc8dc36b4b7d1ae2c9e0b99dad76f4628d51fe1fd846e6ebf1fec60844c62224dd75aa4649894b880a465d6bb343acdcea964af248f332c4b0ab3b1555547f87f939f3c24f334f7179617cda108bd6be478f53d2a62d19952546476b7e7f626f8964fde7f27fbb70aaebce966d7f2693a4225bdbdb3bc0d34eefc0fa5f03feeadbf78fea3aff00797124982a3d434e7b512cfa84265319e76674f520b71feebd5496393fe4a61321c99c71ccef5e6f5df2f6ad67ac6936f756b709704224771c390e32aaaf38d91ff788ff00e449fbcc36c81fe58dfda2e80ba49115bcf6527a691ad14c91ba2cf6ec057f79c6291629a4fdb9a19325571e60d06ce5682eb53b58655d9a39268d581f752d9aa9c7864623a16e009e899647af3ceba0da5cbd9c52497d7519a490d9c6d3143fe5b2feed7fe0f0b7cd1af26a11dbe8da2de238be0cd79796ee1bd3b78f8fa8aae84f1925e5e9ff0090b85b6f6d6ba7db882de358218ebb6c294daac4fda6ff002b355da1da71d2118e31f132117574223a13ff0012d90c62ae57ee641fe35b00bc9ac6f80ff8c00ffc45db0cb49f30693adf31a7dc0796200cd6ee0a4b1d761ce370aeb9124923957944eaebd39290457e8c01aa16b131ebd6ac63bbd38890b2edea420f29607fe65913971ff2b30f4bdb929e68e2cf88404888f1449f493de24c8e289e576f4fcd8d471222baf4601857c0ef8ecdf343ffd3ee780756d26cb5bd3ae34cd423f52d6e5784a95a37facadfb0ff00e5e0ecd9a7069b5e4faef927cd1a759cd0e8c5357b658da3b2496468ee625ff7573f8bd0b8f4dfe0964fddcb2c5ff16ff7a472f9675e7bdb6b6d4670b690abfaf3db16b59dd9d95d165e1fefb75f53d48e48bd5ff76ff77fbcee981ee6cadaed78cf186f7fda1fecb2ff00cc4fafcfec4507cfa2c20f296b096a8b24da7ea2aa6e2e6455a25c7aade933f058e34f51e548ff00d847927d3e19b528ab10fdefa1eb701dfecf35c95799fcb08da7dcc5c0dc5a4b194953f687c3fe47fc4f21bf979abc0f6765713b90445f57b866f878ca9c79f3ff00669ff0f999a7c9c7123b9ab247af7a6d2795ee2e04463999629915e29576e2dc79f197fc8ff8b322ba825ed85db585cb3af0dd9cc5561fea322fa6ff00f193d3ce86de68d3e3bdfab57940154faaa1be1fb5fb3fc9f07fbaf237e65d56c75168678165465fddbfa8178fc4df07d86cbda8d7463769abd8df3c91da4eb2bc3b480755ff005bfe030689000493403766f0c8f368b11f335bdc7d665b58b5006d666b7e0adeaf1e6bcb9ac9f0488be9f3fef7d4e1fefccbd634dbff002fcc6c20bc6bc82ea3b8b8549833cdf03468b1a3f2f8d3f7bea7f77fdd27fc599133025c279f365c162c2776f3dfeaf7ada66842233442b3dcce5bd24ff25387ef1df055fd9f9a7404326afa7acf6c3e37b9b3e4c5557f69e09bf79ff22f1de59f31e8fa26970592e8135d9a56696e1604e52fedb7efa5ff003e186173e6fd3a4867f4747d4d032b08613224f6f1b7f322a348ff00f3cffbacc6965d47112207879510dc218aa8904f536c5f5282cfcd364a347bd8d2e236e7c18756ff002d3fbc4ff8c98ed1342d4f431fa4b5b8ad2eb4ef50412d089192bf087e3246bf60fc5f0fec6185d5e7966fe4566f2edfde4bc542b9b6485c37fc6585a3e7ff003d308aeb4cb56d56c2d6e74bbbd22d248e7984acca5cb46824f56457778fd3e3cff77e9ff79c3fe2cc19bf7f8678f2639404a24195d57982cf1feee4386408e55d777a05e68b6725ab1d3ade2b4bb4e32dadc451aa32bafc51fc48030dfed652dad968da519af95269225325c4ce03349231ab7c4db97918f04c779756e5748b61724934262e5f6bd227f73cff00caf4f8e297ef1417fa4dddf8274cb7b957bb02838b7d982592bfeea8e5357ce1311cb93531ecf9e72718cc6e5c5f570fa7697f480f47f49cbf23bd23b4cf22ea3f5486fbebe2c6fee14bdc41e82cb1a0762e912fc51b2fa6a551be2c28d52c35797517d264b9b59c69ef6f35c2fa2cb1ca5bf78b13c6d23865e2159ff9b9e4ceff00cdf15a6a33e9d6fa7dc5e496fc3d596368553f788b22d3d49158fc2e3f672273deea13f98a778ac024bab146b78a6b8443cade348d9397174e67ed2f16cde6b238affc18623aa8f0f862e0720e0df94bf9b8fbd8c25336655557bd2ae9f61f536b891fd157ba7f55e2b68bd08138aaa811c5c9e9f67936ff0069b1b7a8daadcc5e5eb525e7bc61f5964dfd2b607f7d249e078b7a69febe2f6f72f24b716b71035b5d5a370b8818a3904aaba9e519652195d4e04d423160d1eb966be95ed93acace9b7a91861eac527f309232dc7347809fe5289d70971f18be5fde1fa0cabf8797d2cbefe8f50550aa1545001403d865e6cd9d6b88ff00ffd4ee79b366cd3b6bb366cd8ab44022846d9cbbcdbe5d9740d42ebcc3656debe8b70d1dd6a70c6406b768b8fab3f176f8eda58624f57d3fdec5c3fba97d4fdd752c6491c72c6d0ca81d1c1474615057f97278f24a06c7b8fb9045f3786dfc7aadcde5f6b1a4e8cf26822696de07b565e7c627e12b4517f27c12c7fefdf57fdd58b79964b4bbbe821f29d97d66da6b286f2748a550aaaf3489c57d66fefa4789bf77fbbfb1fbdf4f3b3d9d95ae9f6b15958c2b6f6d0af08a18c515570bacbcb3a2e9fa85eea76b68a9737f4facb1a943c599fe189ff7717c72bc927a7e9fab23bcb970d4c8107f9a2879ff00590611df6e6f29975d61e54bfd0b51b096c2f2d7fdcae98f39462ef6f2adc370685a4f8e3feef87fbe9ffe326498f96d35f8922bab14ba847c6beb22940dfecf27577a2e937e8915e59413ac6cb222c91a9a32fd86c1c00514028076cace5b36051249f9b2ad80ee79ec7f959a2a8afe8eb053ff001854ff00c6b85bae7e5b4da75a3ea3e59b758f5184a15b6b42b1a4ebc979abc4fe9c0ff073ff008b7fe2dceab9b04734c10413b2d03cde15a3f9a3536b98ade2d22fa3d4242cff0053589d9b872645e6ceb1a7ef38ff00c628ff00ddb2e0ed67cbd790cb67adf9aa6115cdf48616b60e4c36d66bfbdf40b0f85ee2e1f8accffb3fdca7fbf25ecd415ad057f9b2c80450f4c9e6d44f2e39631e8e20458e7bf50b8c08484aae9e4f3dddceb12258f96645b89a247ba9d9371e9c1bac3bfed5c4bc23ff005706c579a7eab642b22bc7751fc517204f175dd37f0e59d212186324c71aa16fb45540afce98592f95bcb73c8f2cda4da3c9212d239852ac4f524d33453ec5c071638639cb1cb1927c4ab94af7f57d3f4ff0b7f8a3a8afbde656925d699773c970b24c2d16382fa555e45a03cfea977b7daf4555ada5ff002783e1e4f6f63aa5ba7aaa97101a344c0d4546dc91fb1db26f63a1e8fa6190e9f650db7aabc25f4902865f0603ae16cbe48d01a679eda396c59cd596ce57852b4a6d1a1f4d7a7ecae4b59d9673ca19a1978334401298142663fc5b6f092f8b126f71dc58e5ad9dad94462b58842a4d485ea4f8b37ed1ff002b109235d72f62d02d0890c8e8f7eebbac56f1b077e4dfcf2f1f4917251fe08d19c719e4bb9d0f5492ea5a1ff8065c39b0d334ed2e2f474eb58ad633f696250b5a77623763feb655a5ec638f30cfa8cbe2ca278aab9c8723294b72a728e9768bcd9b366e5a1fffd5ee79b3c199b34edafbcf367833362afbcf367833362afbcf367833362afbcf367833362afbcf367833362afbcf367833362afbcf367833362afbcf367833362afbcf367833362afbcf367833362aff00ffd9),
(10, 0x89504e470d0a1a0a0000000d4948445200000030000000260806000000828d18010000000467414d410000b18e7cfb5193000000206348524d00007a25000080830000f9ff000080e8000075300000ea6000003a970000176f97a999d4000019c549444154789c7c8dc10dc0200c03ed5046ebab237552466968700b12df9c64f971b2cc769fd88ca8c8287c216965431266b6daddd23df8a4ba8ba9d738ae88f87f1cb3279f001c8f4b0ac24014046b3e1a4286041405f5029ecd9de7f1549ec26fa22831713233fa74d19b6e28aa2daa449b11c618ead4fc652c2298122a06748a18f1b2c23e8e4b4c1c703a914be73bcffd1550594551cd31fe480c812051e983dcc2487e5a49789798b35ccce8ee0db7facca42c6487be6b71cea1fb27b9abf07a441b2caf8fdd5d1fbea9dbfea0f478daa86c92add69beba0a9f49bfcb4df7e05e0888c711004a2203a4404232a062404104d541a0ae3a1bc8527f00626de496b35b190cea0441074d96575a198e43733ffcf7ff2b57a80e41425a3a8641d9471b04a14102172bb072e56d08a83940c5c95c1d297305304b60ed7b061f739d22c47768fa00eb5c607a5a6559f2da186d5f012832974bb9c60582304e112cf34434128948187f853eca3efef480a5ac64972266829b63f77fc70b55e4c66b01c17a6e9e12da9e2611decb69bc358eb4eff02d044762b048301187eb76f7ee6679b599a9648494edc83e2c8818b70052ec60dad9c49560e24c534cb3661a81913df92f70a9ef779b85da507962360190e6afa03515290110a78bc094eb710cf0f414e5420c925e4021babf914a63181b1b160ef5d48291649f6677b7d3c23414bc63599189c02c725fe53792a8956f5ce172c4cafbbb23c9d97cbfda2561b5eae6fb3d5198cdb8d26b46a1d822c83a4b2f43c817f0f10be22f82f069eebc0d9ce70581a23291fe95f0138a663158461200cc07fb5a66d68da416c17dbd5417074f129f4897c0797824fe0e633f81a82b81483a188588c35a698e4c6e38e3bb8efbc3357c63ea04d69cc3e90d2166b0441848832fc540f7e171042e072ac107a1a133ac094f94847a651bef07db7d0668066a923e87ec22c6e9d5a3a366cae7f5c91e425eaa7da0b158ccbc56a5dcc9760598124cbd1ba9b19aa5ca0be7147d127210821a0941afb4330481c76dbd32cee1ad6359bbf002c93c10a82501045af2fd184786610b5d355d0b2adfbdaf7676dfa8efe258a1612450996861a623eb39e8dd2cc0f0ce7cc51fb3281c23aa8998258b7504a83fe38472504aa840ef74ff0f65b9c8f1e16c32f992226b2c03b1508c4ab25dde326cc810991450d89762401617563e61f3aad3a76e0a7c5fa2e54dd9eb9cb893b479049ec0e178c9e35746aabb15716025c33d0e55dea4c20ba8508f30cdc9e42fba448afde8a39d6267e44f809c04219ac20084451f4ce38ea102913b689886829fd40ad22fad868df07f40d6d5a24b509c982b0341bc7b42673f596f79e03efb27d164316aaa64d7701dab609abcc9084079c836d7d79a5e07306758afe6ba0810965a0960d530795c44022df68e90265639c6821bf329ab859ae0ac794ae9f4478e3d97ce24f17b815263e4a62301478e55a58aa9fd875e1385cf731f088ef88c21032cfd01102a37e179be50a3dc7f292eb058c727c05e0a06c561084a2203ce8bd2a9674858408fa81362ddad6b25dbd898fd4b3b40f5ab86b19b8a8458881d8cfd5d22ce9785f603867e69b61c13ec08fc41b8cda5188fc99422657d4790a9b66539880c335985fa0d42df568d5ac13d761338d982734c880e253a2e50a42a75607eb4daf3853da05a5f92a8b4dc2bdd574be3066cb352ae6200a4fb02c03fdae83ec51410c274a5f4a895b76c725a69ec51184eba2371a9099471c765b7fccde678d52b53b1efe0290540639040361147e3533adb629696a2769ac2c1011893bb880b3595a59ba818d8d13b0b71389d04ed2ea50eaa91bbcfcef7bdf2ff3cdb21ef08fd1cc6750a910da6c21a2e2aa77ad52c11020d397b249e5024a59706c01491b789e8b807652a242ca3f527efedc0b366451048531bb5bfa3868ad8fe3c5dc1e4c67b0fcb0667d38ea4312c15796a0dd25be0d975b3be3aaef08a23626bd187192c098279c4e84fd6acd43e62742b675fc16b2a2c257009eca5807412008a2738717e1089a00b1b0b0503bb5b0b3f53f4cecfd386b3f85187b23318408221e820e14b69b4d767726f3b6370d9d3f255259405b355cd1c03c5e684958f301640dd50d06181a5afe2de131c44160c37315dda8f034151b152443abad8654323ca08f0c1a51fcce523d3b6cf73b2cd70bd6ad6e562b8a14b24bad22fb132e7abd4450b683f97842d53db47f4d14256ec91d0573773e1d57a3d0dfd8ae8fbccc213e317e0208144cf0da9517989e59818682a29c8d9b1d182bc0e4c3cdc5c0f2ed33033bb07ae3e7666410169361e0e6e160f8f2ed23c3fb4f5f1858595818b8d8b9c0e5fedf3fa0daf80fc3f77fc0ca8b996dddd5872f1efee793318a8a4d609054d102d735e0120a08418eff038cddaf5fbf32bc7dfb96e1fdfbf70cdcecec0c6a5a5a604f81aaa2afc0e2f3e993470c26c6fa0c6b57af00dac321c1c2c43ce73f306580cc616366630008201611513eb8077efffa0f4c162c0c1f816508373f2fb848e513e065e0037a821b588cfd7eff9ce1fff74f0c9fffff64f809acdc98d8b819d880e9fc3f30167e004b2466365e06161e5e502dfae0e8e53bd3d44c1c3a03e2d381151b37b8366301d6f8b0c6c26f6051fd0a583cbf7bf70ecc17e01762509257043bfecd876f0c9c9cece0d24b5a4a82e11d301fac5fb1acdc848b4d9805985481250530c93202ddc4c90010402cfcfc3c700fb0ff6367e004d6a66f8021cec1cfcd70effe03861ffffe00439e1f986cf81844c4b880e9f30bc397df40b5400f8142e137d0e1bf801e053539de7efec2c0c6c2ffe0c2c3b7e79cc2333b4d5cfd183e7e0216c9dfbe02f30c30a680767dfafc03ece82f5fbe8003080484858519242424184065ee5fa0070404b9c0e20fef3e6050569261d8b8702e030fc39f2f403b56fefafe8de12fb0e2e464630296721c0c0001c4c2c5cd016f9cfd7e0f2cca7e3233fcfaf195e11f30a3be0756f5af5e7f057a005883fe7ccdc0c3f9191c2acc4c9046df9fdfbf81a1ff0758e171806269eafd8fbfdefdfef6f65c787a51a0889a11c3d377df80ed9c5f0c9f3fbc655092936278f2ec0dc3a3478f8015d50b70112b002c1a393939193e00edf9f20d98e780cd187660a84acb4a317cfcf01a58a2013d08c437ce1cdb2acecec8f61f641f304041d1f98f898de13f3049020410cbc3870fe19998879583e1df8f8f0cdf7fff646007a6511e6e81e6b74071560985b2674f5eef7ef597e539b0e9c02ec2c6c826c4ce1cc107cc272cc0eafecb9fffc046dd0f0b562941a3d8f854602923c670e3de038637efbf31f0022b3969191986d367ce32bc7cfb8e810598673880191554bb7efbfa83e1cdeb77e0d6252860d881210b2a8e5fbe9261900396f94aca720c57f66e65f8faecee041ea6ff7b7839818efe0f6ca381920f2707d01c0e06800062919292026b0681bf0c401f029b04222c42c0ca8a838147402696f3078bbc994f3883c2c71fde2fdfbc65787af924c3fb9777164bf3b03308f17033bcfafc6bf7d3cf7f85be3173c98715d531b071828ac2f70c9fdebf635096550066dc7f0cfbf6ed0386b610b0d8fb094c2a820c82c0721d947c5ebf7bcff0f1e347b0fd200fb1002b42292931605e9004665806869777ae326c5abeb09c8ff9ef2f2d5949704c81628e8b839d819b1bd8d401d6210001c4c202ccc930f097151885c00a4890831f98c13e317cfdcbf8f9cd4fb6e7628aea927c1cbc0cfc1ffe30dcbd759be1fd87cf577444d918fefcf85ef6f2e59b2b82ca46058141710c3f39412d1506067e6111067351618657cf5e323c7cfc84410498c63f7ffbc9a0a3ad0bccbcbf19debe7907ce07a04a8b9f4f00ec819f3f7f32282ac83068e868025bbe5f1836ac5fc6707acfe60849a63f5f64f8390fbd7c748f818903d89c07666e66600cb0b140ba000001c4f2e3cf376049c2032e21f8814d5b266051faf1fb4fa062602dfbe3db6c2ed6ff6dfb76ee61b0f40f6460f9fe1458bc014b2041d9d8139f59b33e3efe74c5d8c1dfdb2e2482e10bb0d5cafa8381e11b309441c5efcbaf1f195ebc7cc9c0cac5c62026080c2d60ed2ac8f6858143488041529c0f58d38a32bcfdf889e1db974f0cc2027c0c6a2a4ac01af907c3ced573194e6fd89ecdfffde75b573e3e9d1f7f7fd47e02b5b98015d9dfafbf8031c50a6c2df3029b30900204208058d89841c5e04f60c9f41fd4fc62780d0c1d5676360671715106e64f9f0f5dbe729ffbf69b4d0ccf3efe606017176078f1e13383b3bd93ced2d933e32acacb17a9ea18303cb8ff88e13bd003fc5c820ccf9f3f6778f6ec09b87ce7e1e16290939303061027b014facb20252fcdc0012c669980ed236960d3e5ceddbb0cace2420c42c0b6cff7f72f19aa1bab277c7bf5e610eba76f0fb9d839cf7dfaf96525a89e6201aa6704e6333e5e6e065e600c804a2036507d026cc60004100b1f30d7fff8f10b54a600cb606006012a0055c15f3fbf63e0f8fff7a98e9c70fee947af26ee58389181cdc4e117dbbfbf6c62caea0cb29afad3a495b519d8813db137c0d624330717c3e963bbc0699911d8b8e3e1e16390949006c62c27c38be76f18804d0986bb8f1f33a8a9a981d3f0afef5f18c48015222bb0963f7b6827c3917d7bd733be79bd47968f6f2b173fb059f1f923c3db6f9f183881ed306e6029c70cacd94481453c3bb0dee100667646607efd0bf41c400031e77aea317c0796c9ff7e83ba869cc05e18b0850954f413d8a8fbf7f3f33739498993c092e4f6bbd7af82af7fe360e6e6e40236901899ec5d5cd9aeddb8096cf38362ed3dd08cefc08ec73b60e6e2053a9e974118d801e207564eefde7d00c70aa835fa1e58863f7ffa84e1dbfbb7c0de1c30d9fef8c4b06bdd3286fd1b57dbfffbfae6900a27ef7e2e60687f035696ef3ebe05162abf18c48404192481794a989b878193970d18f20ce07617a8de01758e000288b92cc80ad81205665e6035fe1d589c7d05369c40b52bc8e77f817dd55fc0628d959d9b995f58ecd78517dfcdfffcfcc1f4f1d3c7ffdafa3a8c474e9c0286ee4b601204f62580c5a1a4ac18b029cc072c1d7881e53b0f38933e0136053e0203835f808b414355055854333268ca4b317c79719f61d1e49e965b678f0669c8887b0871b2acf90b0c881fc07ef14fa09d6c9c2c0c62a2420c9262220c22c034cf032c327fb331836b7266605b0dd80606361aff33000410cbbbf7c01e1530e381cae7ff2c0c60fa07a87705aaa08021c9cccac9f7f4ed7b9fabb79fe77dbefd9901584c31a8ca3b311ed8b78b810598149ebf7d0d4c261c0cb2c0e4c20af4341fb03dcfc52900cc033f181e3f7e088c9d670c22a2bc0ccaaa920cff3ebc61b0d65562d8be7a29c3ba257379e545048c3465c4de7e7ef164820cb038ff27c001ec81015bc2c0ca95138841810a2a15ff82fa8bc0f4fee92f0b031ba8a90e8c252650dd0b8c0d80006261e1e0062ae6676005367f3f7d7ecac0014c029fbffc64f8f6ed3703bb201fc35f6636911b0f1e35ef3b768181f117b0c1066c177d7df11098027fff15965164e6e5156000558ed2b232400f01a316988fc0e9fdee3da0e35f3048019bc99ada0a0c02c2c0620fd8f96fcc4f2efff2ead97a3b5d9582ef1fdeb6b003fb1cd2ca4ac0987ac2c001f40007172b30cdb33170008b487660b1c2021a12013af8ebff5f0c6f7f023d061a6f6064021704ff81344000313b2af182abfb4fc0360b072b306300dbb0c0ee0a031737afddbf7f8c12672f5edf78f2d21dc1ef4c5c0c2ac026ee0f6033e3d4e50b0c1e41814c6f803d261d3d4386b72f5f03f57202f5b033bc019662cf81e53fa8a252519567b077300796163f18366f59c3b069da645d19613e6d2901ce0d7fbf7d3c24008cc1ffc0e4fb0d980725256519fef303eb20213e0601607ae70196f3bcc08201d4dff80cec913d79f582e1ed3f1e70538203d822070dfdfcffff8701208018d7157b835b9bff809cff5f7e00431cd869e1169cf8e1db3ff3b3976e985fbd7e978119084585451938fede61f8f6879de1fa4b603a951065c8ef6e61b87ce3368381bc01c3af97c01e95a024c38fffdf19e434a480fd644606715e56862f776e31ac9b322d95f5ebf7e7fcbcec42c0ca673113301382da50fffffd06f6dcfe33f0004b19509b888f931998ff20c9089c3e80e99c1188ff00f3c46f6045f746de8741d9c29661d1f2850c4aff5f333888fc6100082026293161061160871c945104c478186415c40d7efcfc287de5ea79f3572f9f30fcfdfd95e13bb07df40f588171732a023bee9c0cbacac60c024c7c0cade50d0c0a52c076ce85d3ffe5356580e5fa75863f3fbf32c8001b6902ff9818d6cf9aff6b66678f2bfbdfbf3f35e415b6b2b3b32d0645fdbf3fc04a801152700800333da851c7cfcf07763ca87605352efffd838c028286c69840b52eb0747c06ec1fababab32444444005bc98cc062f62f03400031f1033325173014d8803d3160ade9faeef37bbbf397ce075fbd7611d8e1f805cc906cc05ccf008c4a3686878fbe31880bcb33dcbf709d81e3f32f06266063edf8be43c034aec6386ff59cf57ac69a40f54c0c7d2d2d872a52335c9f5fbe5a2eccccb287f5e7cfc50f81bd2d90a341091414ea9c40c7f303fb1a20c7f3828a487648c883c6a8c0634ac0a405c2a0f4cfcc024c1540cf3d0316c7ccac6c0cfafa060c72aa5a0c775e7d65000820a6bfbfbe83abe43fbf7fd93173897cba7af3f1c49b371f017b5a40c3794581b99d0d58a2fc043681df30f088b00233e64d066d150106ae5f6f1978819df9b3fb0e33bc78f484415b5b23f0e2838b0cbce2dc0cda7a6a765c9cacbcfc5c5c130481a5122b30d10a4b0800ed00767a80251d1f2f178390b000832030d6b9c01d1760620116b9ff1891c656419e05373299c079f227b0a6e7e0e5052afc0d96b676f164b8076c9b01041013b88bc7c2062ca858d98f9ebc73e2e091ab0c5fbe029b1222cac0ca02d8c50476b4f9809df0b7c032fa3fc76b863f2cef8125ce0f06637d7160dbe70b0337b017b76ede620605016186072fefffda77f22083829e0683b695e98a67c0cefafdb7cf187eb00043931bd88ae464053a9e1318ea3c0cfc409a8d95195cc13182920ad0b1a0214dd0a8cc7fa06b40b10eea3e834afc1fc00ed4979f7f1964e495c18efff1e71783a802b04697566700082060a38203d80564f279f6fe5bd4d6ddc719ee3ffec8c0ce016c4eff616678f1ec39b032fa01ec56b281dbe9771f7f60088eb03d2428c5fa53409409e84960470668a01c305af7cc9bc3a0a1a4c876ebd6758663174f33bcfdfffbadbc89e14f7e59e9e6775f3f03f3d10f06513121066160d10cee670303eeefbf5fe0ee28c8b11c6cace071d4bf0cd0416150c78991093c40f603d824ff02ec6b0b4948028b1f603d010cf05fc07c64e1eccd0010402cdfff30b8de7bfeaef4ccc5ab766c3c3c0c42e2c09a0ed8c2fef4e535b086fec8c0c6c508d4f39f01d83c61f8cfca0f6c7f08f1e99949242d5ab47a2913032783aaa414838eaa1cc3bf6fcf19ee9d3ac7202f2cfec7d4c49c85998551920d58e41ebc77f3a720371f83a1aa36c3af7f1fa09dfa3fa042908105e84058aa010d4332025bc44cc07a015872806306e423507d058c00865fc0268baa922a3c8581fae466764e0c0001c4f2ede77fa5074f5fda1d3f77874151431dd8957bc3f0e0e13b0669310e60c34b96414008d8fee6fcc760cec7c6b076d50f865933371b2828fc5f0a8a5f13337306612e690651f63f5bbefdf8ae7ceae65dcdefc0aafcb5b129031b1f17c38db3a79e3fb8737faea929b07b79eb1e83a0020f38a9b000bba4ac40fdccc0a6c1ffbf0ce03e0268389105d8376002391c343c096a1d33fd07c708b848053610b575f5419d4986f71fdf3108001b91a01c0210402cffff30b1bf78fa1e58ba8831fc7af2818107d830151002f6c680fd017eeeff0cf6d69a890c4c9f190e1ed8315f54989341414e99411a18ea9cacac3f41950a3bc3cbd7df7efd57fec325c8ebc0f29de109b0b6be77f4d21f116d73166e2e4d4901c9d7fd176f3d883091136478f3e4238390203fb013032cd980a1fb0bd8c9f90bcc9c8cc0286703565adf80191cd8ea06b650ff029309b0d3cec5c7f0f81db00061e461d0767362f80f94fcf4ed33b0b7066c740263f1f397cf0c000138329b1504e120888f62255a82041288109dbad4a9a053d09bd49bf5305e8b4e418411f42d65881ecccfe6ef790f7bd9d9dfccaec2f04efb29c1fffa701c603199e2b0f7703a0618772c5cee58b9ee6e4e1e61321b10685d8a5abf1679da2ab3ca926869c5e196c4f7ec9eb92ee362f94e7d253a6f98f9b39b5e855b594af0fcbcb88168b57f09e4b401557c4c6aa50a54899b6a060d4d52fd019b3d72ce7810c54c782a7252be3f1c896f030cad5d8f50c89ad131f11740c0e295f9b584a410b003cfc6c0c5c3066c1a68b7e8e8eb8163f1c8c9730c1bb6eeb3fbf69b95212125f190bcb8d827603ff83aebffff6f987eff1603461fb06d0e6cafb303ab7d4e4e656e0ec6bb9a32426546d29c0b247e3efecbfae2b202ebe7a75dacc0d0fa0d4c3affd8d819fe023df107e8e8bfa00a0b18ca0ce09206d87006f60b7e009b0bc6da3a0c6f80dd4d0e7e6186af400fdd7ffb8921302e99415456055c37ff00060068ca8109680e681819208018af4ccd3178f1fe6bf0a5ab376aae5c7c001e9503d58672c0de939abac23d5e7eb66b9fbfbcd3faf2f99d122f231f230b7468901198564125073fb0c5ca09ec81832a1f26a65fe0012a508f0e3402f1f0e973604801fb994cc00e3bd0f18282a0ba858b4100d8740079ea1f30b3826adc7fc0f6d75f6011ca019a0f02d6b85f81bdaffbef81a1cf25cca061ebc1a065ef01ecabf032b0fcfa0aeeaf00cb7db01b40fd10800062bcd299086c7b73cbbcfbf0c54e4a5273d9c58b17e783c72ed9587f3e78782b9d81f137a398386814e133c3df1f90f17b56565660cd090c7560170f34b7c50ef4086840979385139819bf0173e54f7069034a5cefbefe6678f909d8d901b66e25f9591804f8b8815d4f76601df30758b14126fd407374a01a8e1598e6ef3e7dc6c02a20c2f081918341ddca89c1d0c507d812656578f2f23d8320f34f0651512970c87f05e69f7bb7ef3000041800f34adc89bfb0f0190000000049454e44ae426082);

-- --------------------------------------------------------

--
-- Structure de la table `brutes`
--

CREATE TABLE IF NOT EXISTS `brutes` (
  `id brute` int(11) NOT NULL AUTO_INCREMENT,
  `Nom` varchar(255) NOT NULL,
  `level` int(11) NOT NULL,
  `life` int(11) NOT NULL,
  `strench` int(11) NOT NULL,
  `speed` int(11) NOT NULL,
  PRIMARY KEY (`id brute`)
) ENGINE=InnoDB  DEFAULT CHARSET=latin1 AUTO_INCREMENT=9 ;

--
-- Contenu de la table `brutes`
--

INSERT INTO `brutes` (`id brute`, `Nom`, `level`, `life`, `strench`, `speed`) VALUES
(1, 'Hassen', 10, 100, 3, 1),
(2, 'Dsee', 22, 22, 22, 22),
(3, 'Nicobrute2', 1, 5, 7, 2),
(4, 'bot', 1, 2, 3, 4),
(8, 'pokemon', 4, 100, 20, 22);

-- --------------------------------------------------------

--
-- Structure de la table `brutes_img`
--

CREATE TABLE IF NOT EXISTS `brutes_img` (
  `id_brute` int(11) NOT NULL,
  `image` longblob NOT NULL,
  PRIMARY KEY (`id_brute`)
) ENGINE=InnoDB DEFAULT CHARSET=latin1;

--
-- Contenu de la table `brutes_img`
--

INSERT INTO `brutes_img` (`id_brute`, `image`) VALUES
(1, 0xffd8ffe000104a46494600010001006000600000fffe001f4c45414420546563686e6f6c6f6769657320496e632e2056312e303100ffdb008400080606070605080707070a09080a0d160e0d0c0c0d1b13141016201c22211f1c1f1e2328332b232630261e1f2c3d2d303536393a39222b3f433e38433338393701090a0a0d0b0d1a0e0e1a37241f243737373737373737373737373737373737373737373737373737373737373737373737373737373737373737373737373737ffc401a20000010501010101010100000000000000000102030405060708090a0b0100030101010101010101010000000000000102030405060708090a0b100002010303020403050504040000017d01020300041105122131410613516107227114328191a1082342b1c11552d1f02433627282090a161718191a25262728292a3435363738393a434445464748494a535455565758595a636465666768696a737475767778797a838485868788898a92939495969798999aa2a3a4a5a6a7a8a9aab2b3b4b5b6b7b8b9bac2c3c4c5c6c7c8c9cad2d3d4d5d6d7d8d9dae1e2e3e4e5e6e7e8e9eaf1f2f3f4f5f6f7f8f9fa1100020102040403040705040400010277000102031104052131061241510761711322328108144291a1b1c109233352f0156272d10a162434e125f11718191a262728292a35363738393a434445464748494a535455565758595a636465666768696a737475767778797a82838485868788898a92939495969798999aa2a3a4a5a6a7a8a9aab2b3b4b5b6b7b8b9bac2c3c4c5c6c7c8c9cad2d3d4d5d6d7d8d9dae2e3e4e5e6e7e8e9eaf2f3f4f5f6f7f8f9faffc0001108009e005b03011100021101031101ffda000c03010002110311003f00f73af1cd42800a004ce2801ace0500569eee2b785e69a458e34059998e0003bd05257d11c7e89af5deb5e36b970cf1e9f05afeee13c13b9b8761ea769c0ec31ea45453a91a97e5e87555a1eca9abeecec4cc00eb5672d8e6f53f162248f67a4a0bcbd1c3303fba84fabb7aff00b239fa75ac6b6229d0579bf9753aa8e1a551f9153c0b2cab79adc135c34f209d24691ba9665c1fa0ca9c0a9c35575a9f3b2f194953924bb1dc29ae83807500140084e280185f14015e7ba8e08da49645445192cc70050525739bb8f1ae9ed95d3d66d41fb7d9d3287fe0670bfad6552bd2a5f1cac74c30b525d0c2bf9eff0051fdfea601890ee8eca005977762e7f88fe407d4035e3e271eeafb94f45dcf530f848d3777b94b42b9d4f4cbed4a73a534b7172502c8f2aa26d009e7a9eac7b56f87c5d0a14526f5162a84ab4d5b64685c26a1a9ff00c84af4887fe7dadb2887d98fde6fd07b573d6cce72d29ab7e63a58384357a8e6f234eb23e5c6b14312fca8a3007a015e65e5395dbd4ec8ae887fc3add2cfac5c93926548c9f521771ffd0ebe9f071e5a28f23327fbc48f424e95d47963e8010f140193e22d4a4d27c3f7f7f10532c10b3a06e8481c7eb46c694e3cd25139db9f1c429e15b7d563877dccede525beec7ef790ca4fa0c124fa0a9738c61cef6378e1a4eafb33904377e23d4964d62e3cf8e3f9fc91f2c498f45eff0053935e2e271b392b47447b94f0b4e8aeecda9754b2b55d8ae1b68e16319c7f4af2d424cd941b27b499ee211332ec0fcaafa0a5256761356d09ea4435e44890bbb0551dc9c5095f60399d6b5749636da4adbc637127f8abaa9526dd96ecd5250576777e0bd364d33c3d6e93a95b89899a507a866e71f80c0fc2bea231508a8ae87cc622a7b4a8e47549d299cc3e801adc0a00e57c76f8f08dfaff00782afe6c054cb48b7e4ce9c32bd589e54b6acb7be6f9a7c9e5845d839c02df9002bc375dba2a91f4ca925539cb40900804807a8ae73525b6302cea6e159a31d42d277b680ef6d0e9a2d52c5c0559957d986315cce12460e2c9278a49d0182e9a3f42a010692696e849db74625de97a816dccc671ea1bfa1ada3389aa944cab15927d69164d36ea682d1c3b284da2470781b9b0300f27e83af35ea619d2a2bdad492bf447262652a8b9207553eafe20d52fa3d36cee61b49e439f2ed86f31a03cb3bb0e9ec0039c735d94714ebcbdc8fbabab3cd9e1a1461cd33d261056355249206327bd759e6325a0435fa50079dfc4dd627d3b4bfb22d9b4f05e45228743f32c8b82bc77ee7f034a4e297bc766161cd2badd1c6238923575e8c322be6dab3b1f509dd5c5a431c8bbdc2ee0b9ee7a0a36112dc59dc5a8dd2c642ff78723f3a9524f61292616d793dab66290a8ee3b1a1c53dc1a4cdb8751b93089822cf08fbdb461d7ea2b17057b19b8ad8a5a9dd5d4d1432d95e28b499c2492374833dc81c91fe738e6bab0b4613a9c93d1fe663526e9c6e95cefbc37a05ae876a5212659a4c19677fbd21fe83d057d1c63182e58ad0f9ead565565791d120e299ce3e801ac38a00e67c65a33eb1a0cd14207daa1226809fefaf6fc4647e34a51538b8bea7461eafb2a8a4795c32acb0ac8a0a823a11823d8fd2be767070938bdcfab8c9495d0f5656195208f6352d35b8d34f61628e6916465084467919c103d6ba618753829459cd2aee1271923474ed623443697387858631d703fa8ae5ab879c1f35ac352855f859af6de1fb0d4a264864304ea372ba72aebd8e3f438c57a14953c4c2f2566b7386552ae1e564f4f331ef0dc7852fa35ba923d92838607e560081cff0077923afad6157053b7bba9d50c4c2ae92d191de3cc9a8a3e9f68d756d7913bc91a0c9e30186defd7381cf5a8c3d09568b49fbd109d48d2f767b33b5f87fad47a969b2d8f9a6496c48405bef143f773ee3054e7bae7bd7bb4e52945392b3ea7858aa6a13bad99daaf4ab39075002500432af140d1e59e2dd0bfb2b584d42241fd9d7728f3d7b47213d7e8c719f7fad6156829c94faa3d4c3625f23a6c82f2e5f50b48c3dac019095578970e31c60fa8ac6b535523ca745197b3973231e31316442e603729b3701fcbdfa8fc6b1a3074a4e3d19b559aa9152ea50d6b485d1b428b5196691bcc94c499c2ee23a90304e07f5aee587bc39decff00139feb0e53f6696bf91a5e1ad5351b5b682f63fdf26e3846e19877c7af1fd2b9feaea9494e1b32a753da2709ee8d5b2dde25f899299ad8a595b5bab323721d874047d5b3ff000115df0b285ce0a8dc6f63a287c1b369fe20b1bad32454d3e398c8f0393fbbf948213d8e7a76e3b7158aa51553da2dfa84b12e74b927f23b486ce086679a3851259000eeaa016c74c9ef5a1c6dbd8b428245a0028018e38a00f3df1fc3e209e0961b4895f4a68b12888af9adea3e6e318f4e694b9edee5afe676e19d24ef3383d2b5f0caf1ac64ece18ccc15811c618f3cfd4570ce53a7a545af91eaaa7196b07f79a96ba942e4c770163756dc0ff0f278c1f5aa524fcbd4cdc6de7e858d56cc6b3696504b22986d5dd90150c087db91f9afeb5b4aa370507d0ca30519b9c7a9d3e9777a2e91a3c16de6246b16e6f9d30c58f2c463fa76029f35e2a3d118b83526df524f0fea316afaededd9cc4f1a08628241b5f60249723d093c75e07a920694e51946f17730af1946c9a3b2880c551c8c9c0a042d00140050035ba500733e33b282f7c317d15c5bcb3809b95211972c395c0fafe14ed7d0da8c9c669a3ce3c11690cf7f14b711c6785501536818ce78edf3023f0ae28c39373d7ab3e6d8f43d660867d22e44ca0848d9c1f420641a7560a7068e7a33709a68e1e344d4acd8ba245346e374918db907b9af1e15674a4b95bf43d0ab492d19d4689a3d92aa5e21cc801565f43d0835ecc24a7152479f36d5e2d19be23d18db491dc69d21825db27921588d9263231823e538e474e071594e51c3fef12ddab950bd5f724f63b9d1ef5350d32d6f233949e25719f719af40f2e6b95b46a0e948816800a0028010f4a00a574c2389dcf4504d3291e53e18912f8da5cc04891a4dcc7d0b36e3fceb9ea5f99a3d756513a5f19ea1f62d17c9504bdcb6cc0feef56ff0fc6b2ab2e583268479aa2395d018ace6363b5a4c8c04c9f5cee278ee3815e64b12e9c7dc4bd4f42a61b9f593674da6c09fdb2f134cca8ea1fca1d1c8f5fa6335d397cef49aea8e1c546d3b9178bde0d2adec6e936c4ff68da09fe2f958e3f4adf134e5569f2a571e15a8d4d76b16fe1e5ddd5c5addc66d26874e57dd6a66183839dca3fd907a7d71dabae8a9c69a553738715c9cf789ddaf4ad0e31d400500140087a50051bf4125acc846432118f5e29a2a3a33c93c25a5dc29b37b5be78249611bf72e79c64f00e2b093f79a3d49c7ddba303c61ab5fe95e2fb9b67956e4430a1669323a8cf1fca955a11ab08dcd30d2942f2449a278a2cd65599ee218a4c60c728618fc7a57154cbaeac99d2f16dab3476ba0dde9d138bb7d550cd860d6eab823bf39e48c735b479694149bd36386a27ccd58c9f15f8cd2182d24b60934b6f37da124e3040c829804f3b491f8d6d46b294ac93edd851a6e69a3d5ad1b7448d8c64038ae93ce7a1797a522075001400500250057987140d1e69a1836bacc96e48cc3792c7c76058e3f46158d4d267ac9de99cafc44d22693c5935e476ad3c32448b26d4cec20753f507f4a6dde2927aa34c3548c5b535a1c745a54334e402e8a06ef9413fe7f4aca55e514764e8413ba3a083cbb246ba6bc590b2b6448bc3657041e73d0d714a729a54d46db7e629508cdb9b62ddc76f77a5c723c0a506300263ef119c77f4e4fa5146538d7b5f526a518428b68f46f869af4f776d3e8b7aed25c588063958e4c911e993ea318fcabd752525cc8f12b4395dcf464e941cc3a800a002800a008641c5034791f8c6093c3de2b59ec5da28efd0ca4751e6a9f988cf4c823f2aceaaf76e77d09dd589e1be17c8b3b3ee924196faff91fa573eaf535d16873b22c50ea73ed511b4801650b801b273f9f07f1ae5c64748b47a3839fbae2d985ada89350553f7550703b924f5fc855616ea1a773a2515ccdbd923d2a1f0e5a5bf83ef2f6e3f7d712593b82fd106d24607afbd7450a51a6d773c4c462255656e8741e0bf0dd9687a6a4d0664b9b94579666eaddc003b28cf02bb5f647154936ec75cbc0a4623a800a002800a006b0e28039af15786edfc47a7adbcb2345244fe6452a8c946e9d3b820e314d7635a7371679169969aa7f68ea1a63df795f6497cb62919c363214f5e38e7f1ac6a5a2cf41a5caa4ba9e95a1e836b63a331bb63766751248d38078038a8df439a527cd73c6a6b9177ab492aa8dbe68d8a3b283c7f2ac9250f247bb152749a7abb1e9971aec1ac45a6f87612596f19619e4c10360525947d42e3f1ada8ca2e565b9e3ca8ce29d46b43d1edd0222aa8c0030056e7032d8e05048b400500140050021e94014ee5822331e80669948f9ef4bd7a78f50b9b9893cf5bd99a42a4e0f2c4e47e07f4ae4ab24a4f98fa2fabf3528f2ee8ec35ff18dc4da1cd6b696cd0feebe79588181cf0b83f41587d6212b28f539a1829c5f34fa1e7ba5cbf60dacf18924db8ce71834ebc7da689d91eb538f2c52674506b16d69a958dd2caa5ede749081fdde8dff008e9358e12338554dad1e8638b873d268f76818150474af58f9665a1d28245a002800a002801ac7028038df883ad1d1bc2f70d1385b9b8fdc43cf396ea47d064fe14ef6573ab0d4fda54513c6741836dd38030910f97f1ff26bc9c54af1f53e9e0b9743435a7905ac30440179e558f9381ebfd2b2c1d3e7a9af444569f246e6a68de056bebdf2ae6f82461771f2d793edcf4aef51472d4c5c92d11dadef8374c7d32de0b4b48527b4712c0eeb9cb0fef7a83dff00fac2b784b97d0f3a53949b6d9bba46bb6f76e2d66ff45bf51f3db4870c3dd7fbc3dc56be68e29c1c4e850f148c47d00140050014010ccdb56803ca7e2959dcde5c691343f3a091e1d99c7ccd820ffe3a7f3a538de363d3c0548d393b997a17815af849e7ea0f03a80710ae47ebd6b97922f73bea62e71d919d2e957e9e295d12685aed609159a6085576329c927b7ca48fad5d1c3aa73e78ec4d5c4c6a51d746758740d46003ec7a98703a2dc45938f4dca47e6735bba716702aefa97fc3fac4b04b71a7eab1fd9ee23c3afcfb95d4f753fe3fe159ca1c85bb4d5e252d4b5c3ad5d41a75a58b7da5e45682465f9a3dac097cf3803bfae719c9ad29ab3b99c938abb3d32039519eb4ce064d4085a002800a00af70b9534c11e6fe31703c45a6453b048238a49937742e36ae7f00c7f3a99df9343bf0d6dce8347b35b3b3f39d86e9406273c01dab04ac6b395d99576d1a78d63f29813736844a3d0c6c36fe61cfe55d14fe1309ec6d2c7c74aa30b95ef343b3d4d505dc1bca7dd604ab2fd08e45035371d8b1a37872cb4a95e5b6490c8e369796569180f40589c0a3614ea4a7b9d2c29b56a4c49a800a002800a006b0c8a00e67c51e158fc430423ed0f6d342c4a48aa1b8230410474ff0a69f735a75390e387843c511c62148f4fd8b1188b2ccca64ce3e62367b7424f5a2cbb9d1ed69ee6ce93a16b926a76d75ab18112d2231a08dcb97c800f3b460703d7fc44b949a9562d591d62597b50735c9d2d00a2e2b9612154a4224e9400b40050014005002500215cd0037cba02e284c500380c5002d00140050014005007fffd9),
(2, 0xffd8ffe000104a46494600010001006000600000fffe001f4c45414420546563686e6f6c6f6769657320496e632e2056312e303100ffdb008400080606070605080707070a09080a0d160e0d0c0c0d1b13141016201c22211f1c1f1e2328332b232630261e1f2c3d2d303536393a39222b3f433e38433338393701090a0a0d0b0d1a0e0e1a37241f243737373737373737373737373737373737373737373737373737373737373737373737373737373737373737373737373737ffc401a20000010501010101010100000000000000000102030405060708090a0b0100030101010101010101010000000000000102030405060708090a0b100002010303020403050504040000017d01020300041105122131410613516107227114328191a1082342b1c11552d1f02433627282090a161718191a25262728292a3435363738393a434445464748494a535455565758595a636465666768696a737475767778797a838485868788898a92939495969798999aa2a3a4a5a6a7a8a9aab2b3b4b5b6b7b8b9bac2c3c4c5c6c7c8c9cad2d3d4d5d6d7d8d9dae1e2e3e4e5e6e7e8e9eaf1f2f3f4f5f6f7f8f9fa1100020102040403040705040400010277000102031104052131061241510761711322328108144291a1b1c109233352f0156272d10a162434e125f11718191a262728292a35363738393a434445464748494a535455565758595a636465666768696a737475767778797a82838485868788898a92939495969798999aa2a3a4a5a6a7a8a9aab2b3b4b5b6b7b8b9bac2c3c4c5c6c7c8c9cad2d3d4d5d6d7d8d9dae2e3e4e5e6e7e8e9eaf2f3f4f5f6f7f8f9faffc0001108009e005b03011100021101031101ffda000c03010002110311003f00f73af1cd42800a004a002800a0028016800a002800a002800a00280109c50055bcbeb6b0b67b8bb9e38214fbcf230551f89a695f61a57d872dc2ba06460ca46410720d20b0be68f5a02c0b7085ca061b80ce33ce280b12abe6810ea005a002800a00280109c50055b9bb86dc2996548c31dabb980c9f4a0a4ae701f1275d8069c9a246e1ee6e995dc039d91ab0393f52001f8fa575e169b9d44fb0a6f920dbf4381b5d5757b2b716f6daadcc56e84f971210020f41c57a4f0d4e4db68e55899a4912af893c4a8bf2eb37207a16527f55353f54a5d87f599797dc1a2789753d2759b8bf561753cc9b25173212cdce41e3a639e9c735153091924a3a58b8e277e7d4f4df0bf8e6db5d9bec73c26d2f82ee1196dcae3b956eff0043835e7d6a12a5b9b45c66af13b147cd738120a042d0014005004521c0a068f08f8c5e269e7d67fb022303dac2892b9299749324e33dbe5c7e75df85a57f7996e5c91f53ced2e91a692ee67713e300464824e3a926bd28a51d8e59394b7d4d7d1ee2e6f55da4ba2761195d83f9d5ad4c669476455d66efcbbadb1acb0cebc6f0d80c3e9de9365423a0cb17bbbdc192e9a454fbd1a901fea38e7f3a4b509251e874719681e17b799e29e121e2901f9948efcf5f7a270538f2b3384dc25cc8f54f0a78fecf5531d8ea0cb6ba97ddc67e494faa9fe879faf5af16b61e549f91e846519abc4ef10e4573923e800a004a00865e940d1f2d78ee4f37c77ad3e73fe9047e400fe95ece195a92155f88e7aba0c8b16779259bbb2123729071fa1fce9a762651b9bb05eda5eda09aee142c876b1db9dbeff4aabdcc5c5c5d9176082c5c2cb6f1c3c1e1a3038fc453d096e4b4642b7ac6ecdbcf1ec911c6c61d181feb834ae3e5d2e8e93c26f15af8cf4f99e18dc4ec6072c01c646548f7c803f1ae3c642f0e6ec74e1a6f581eed11e2bc73664d4085a004a00825e940d1f31fc47b2365e3ed51718595d655fa328cfeb9af5f0b2bd3155dd3396aea320f6a00b50437515b9bd8862353b49f5fc3b8a64b69bb162c3547b294e63c5bc8d92a3b1f6a13b13285cde964845d41b90159feebff00b43a7f33546293b177c2f33c9e30d3f4e918b489748caddd947cdfd2b9b14ed49a3a6847df525e67d1310c0af10dd93502168012802097a50347ce7f172ea1b9f1dc89160b5bdba4521ff6b25bf930af53069a8363abb2471022768da503e442013f5ade55a2aa2a7d5895293839f44596b64360b327dec64fe0707f9a9a8a9270ab17d1e9f31d38a9d39aeab5f9134934f6be1767685c412cdb165230b918240f535b54a9c91d3730853e69dc96085a6d0e193c8de24dcb11231f3646483ec31f9d70e2312e1382bda3bbff0023b2861b9e337bcb64bf52c5dc57f7305c3471ec834d8d2538192790bffb367f0ad618b551c5ad8cfea9ecf994b73d4fc19e01124fa378a2695e1bb0cd3344475465c22fb1039fc4d72d6aee7292e838a54e3c9d8f5845c0ae43324a00280128020981da71d681a3e46d61e6935cd41ae58b5c1b893cc2c79ddb8e6bdca36505626adf9d95e4bc7168b6d850a0e73d0d60b0d1856f6a9eacd9e2252a3eceda22dda5c7fa13466212a46fb8e1b0403c1fc2b5c4439e934b75a9950972554decf43a0bbb96d5f44d374f9428b6b1791e2564ecfb72a47a657f5af9f788a908fb37d3a9eefd569cdfb48e97e874563a86996ba55b59a98e3484b385d9862ed8dc7f1c0e9e95c751d7c4b504af6dac1c90c32726ed70f0eeadfdabe33b7b5845bc9637713412c531e5d4724631c1ee33e8457ab4709f56a3796eff0003cea95bda49f44b6ff33dca0895115540000c003b541c8d9640c50216800a002802375c8a00f36f157c29d2b5bbabed42de592d750b8c306ea81875cafbf19fa7d6ba29d7942c6b7525667993f8427f0cea9a7c3ab6d696e19c9456dc9852a011c7a31ac71d5a5385e27a1828c55d23775db2b096cd7ed1988e76abc780c3239fa8c76af1f0b88ad4657a6ce8a9421595a48e122bc48d6587ce88ac2c5632ea77b6338e83a1f7e9ed5ebca92a9efbd2fd0587a4e2d456a4b2ea3fba48523890302eb263e6ce3eee7ea3158d38383e64ddd1b4e846a2b4f74ed63dcbe18259cbe0ad3ee6083648c1848cc724b82431c9f52335d336dcaecf1abc7926e0b6477b18e2b339892800a002800a00434015a51c50523c57c6539d57c7b2dba9263b654831e9fc4c7ff1e1f9572e2a56491ed60a3cb4dc8a9abf85afbc57637b258c8435861638b3813311961f96dc7be69e060a10e67d48a955426933cbf73c9218a65612c7c127ef0c7635ded726c75d2839cad02fc41847c1540a305c0f9b3ffea351a1ea24e2b4b25dfaff00563dcbe0f5dacde0f6815b22dae5d01f6386ff00d9a891f2f8f8a559db63d290f15079e49400500140050021e9401caf8dbc4ade14d0cea7f646b98d64547556c100f00fe78aa8abbb1b52a7ed25ca7ce71f8ab56b9d56eef95916798b4ae11323d4f5ec00fd2955c3427ba3dda108a8b8b7a23d3fc03e209a2f87faadedcc61dac6595f8e0be543f3f8b63f2aae551b2479f89a4a35545791e5c74b69a66b8130f3e4cb48adfde27271ed58cb13d1ad0f530efd9ea8d5d2fc2f25ea195e789369c646495e3d38ac278c50d12379d7b6bcba9dff0080efadf41d724d311ffd0ee957e727813007f981ff008e81deae8567515a5b9e2e2ef55b91ebb13e40adcf31938a042d00140050021e940181e2bd306ade1cbfb236d1dcb4911d914990acc391c8e4720735517666b4e5cb24cf94a176b2d4e64785a062b2c4636ce537295c1cf3c66ba5ed73dba6efa1e87e17d5a0ff00842bc436d3a4c9f6e790c6eb197504a0183b791f962b9a7520a7cadea6388a6dd48c97448cad32d85fdc44b2ae06371f6af2eb4fd9a76376fddbb3741d36da668b66d9338db8273e9f5ae2fdec95fa19d9c88f5858458ced24636945c823d0f4fd6b4c3b77b26553b293b9defc2ef124da95849a55dbb3cf66aad1c8c725e23d327d4631f957b519732b9e6e2a9724aeb667a3af4a6710ea002800a004a008a45e281a3c3fe2d683049e27b3bb915809edf682bc728dcffe843f2a9a95254e3789eae06d256ec3b48b6b4b5d3224b28c2458ce339e7be6bc4ab394e6dcf73b5ab3b19da7c63fb4ef24f24c4c300a9e818f5c7b700fe34ebbf722ae64fb184d74b3eab35d7f727201cf40bc7f4aec5071a6a1e5f9853574d9b3716973e22522ce78a1b48e54865790fdeded85207701b1f9e7a5183a2a2df36e6339726bdcf5df07f84ac7c2d62638332dcca079d3b0e5c8edec07615e8eda23ceab51d47a9d52f029180ea002800a002801ac38a00e6fc55e1bb6f1269cb6d3bb44f1b89229531946fc7a8232286935666f46aba52e6478ef89f4dd47c23736f629aa2ccb72aef848b615c103aee3ebfa573cf0f4d2e6b1ea53c43abd0b71e9ba8e97e135d6ee98482ed995324eedc17e5fc0e0fe35c93c3fb4e59c76bdbfe090eafef1c0f3a3a94500786152f1e480c4e33c9c7e95ea4a8734ae74c229ad7437fc377573a96b9a3d942de5acd789e6203d421563f8633f954470f18be77a935972c25cdd11f4cc238154784cb23a5048b400500140050021e940199aadd0b1d3ae6e88c88226931eb819a68b8abbb1f2aea9e2ad575dd63fb4afa60f2801551461157d00fc4d6d3a7171e53dba54a315689a106b33dd4d6e2e188b559e2120dfd327238f4f94d72d2c2c60f9d175a972e9d7739745dca07b57637635847995bc8ec7c0d1269dae69daf5d5ed9c76f0c859e36b85128520ae76139e339fa0cd271bad0c711272a6e36d59f4d5bb8650ca7208c835ce782cb43a5048b400500140050035b81401cb78ea6f27c13adb6eda7ec72007dca902aa3ba36a5f1a3e55823677daaa49270302ba24cfa0a516d9b7a26943515d56e255263b6b76231fdf3f2aff00327f0a86f9511889be6b2eaff2205d06fcdd7956f019fd0a90063deb0facd371bb763452e47768eb6dfc1501d13c9b90a6f59b79707a7fb39f4ae078e6aade3f098c9ca4eef73d9bc31e20d3af6d61b389becd730a0436b237ceb818e33f787b8aee8c94d7344f1aad3941ea754878a673925001400500140114cdb56803c6be346bb7d0d9da68f6f1b086f726471fc5b48f93fad6b0b2d59df84826eece0fc2b6be24b1925b9d26f22b39b68043a86247a720d613c653a4f43d4a89ce294f63a6d07529f57f11cba75f68c915d4f0b47a8bc5f2c72ae328f8ecd924641e73edc747b48d4829c4e2aa946374f6d91a971f0f644e6c35361e8b3c7bbf0c8c7f5ae69508308e324b733ad24b9d22ea6d3b565114abf3c6dbb2ae3d41ff001af3b13877069a3ae151555788cb5d425d6b59b5b1b0b56fb479aaf1ca47fab0ac09627d07eb9c77ad70d42519735cc6b3b45f31ef30125467ad779e29350216800a002802bdc292a69823c7fe2a4aeba9e9504985802c92827bb8c0fd013f9d675afc9a1ea6052bb6ca1a4598b4b5f35986e9006273c01dabc5a92e6763d19caecd2d06654f17b451907ed16a778f428c31fa39fcabd2c137c8d33cfc4dad73ba58f23a5769c172aea1e1fb0d62354beb559427dd2720afd08e450546a4a1f0b26d03c29a66852492585bb24920c333c8ce71e9924e052492d8552b4a7f133a98536ad23026a002800a002801ac32280394f187836dfc57690c525c3dbc9039647400f5182083da9e9b336a555d377479cffc2b2f14c6a6149b4ff2d54c608918171ea46dfd39eb597b18b77b9dbf59a7d8e87c2de0cd76cb588ef3569adc241118e35898b96ce3a9c0c0e07ad14e94695edd4cebe22338d923be4b2f6ad4e2b93a5a0145c572c242a948449d28016800a002800a004a0042b9a006f97405c5098a007018a005a002800a002800a00fffd9);

-- --------------------------------------------------------

--
-- Structure de la table `brute_bonus`
--

CREATE TABLE IF NOT EXISTS `brute_bonus` (
  `id_brute_bonus` int(11) NOT NULL AUTO_INCREMENT,
  `id_brute` int(11) NOT NULL,
  `id_bonus` int(11) NOT NULL,
  PRIMARY KEY (`id_brute_bonus`),
  KEY `id_brute` (`id_brute`),
  KEY `id_bonus` (`id_bonus`),
  KEY `id_brute_2` (`id_brute`)
) ENGINE=InnoDB  DEFAULT CHARSET=latin1 AUTO_INCREMENT=20 ;

--
-- Contenu de la table `brute_bonus`
--

INSERT INTO `brute_bonus` (`id_brute_bonus`, `id_brute`, `id_bonus`) VALUES
(13, 1, 4),
(14, 1, 10),
(15, 2, 10),
(16, 3, 7),
(17, 3, 10),
(18, 3, 4),
(19, 2, 5);

-- --------------------------------------------------------

--
-- Structure de la table `users`
--

CREATE TABLE IF NOT EXISTS `users` (
  `id` int(11) NOT NULL AUTO_INCREMENT,
  `user` varchar(255) NOT NULL,
  `password` varchar(255) NOT NULL,
  PRIMARY KEY (`id`)
) ENGINE=InnoDB  DEFAULT CHARSET=latin1 AUTO_INCREMENT=10 ;

--
-- Contenu de la table `users`
--

INSERT INTO `users` (`id`, `user`, `password`) VALUES
(1, 'nico', 'nicopassword'),
(5, 'adelle', 'adellepassword'),
(6, 'me', 'mepassword'),
(7, 'me', 'mepassword'),
(8, 'me', 'mepassword'),
(9, 'you', 'youpassword');

-- --------------------------------------------------------

--
-- Structure de la table `users_brute`
--

CREATE TABLE IF NOT EXISTS `users_brute` (
  `id_users_brute` int(11) NOT NULL AUTO_INCREMENT,
  `id_user` int(11) NOT NULL,
  `id_brute` int(11) NOT NULL,
  PRIMARY KEY (`id_users_brute`),
  KEY `id_user` (`id_user`),
  KEY `id_brute` (`id_brute`)
) ENGINE=InnoDB  DEFAULT CHARSET=latin1 AUTO_INCREMENT=10 ;

--
-- Contenu de la table `users_brute`
--

INSERT INTO `users_brute` (`id_users_brute`, `id_user`, `id_brute`) VALUES
(1, 1, 2),
(2, 5, 1),
(4, 5, 4),
(9, 1, 3);

--
-- Contraintes pour les tables exportées
--

--
-- Contraintes pour la table `bonuses_img`
--
ALTER TABLE `bonuses_img`
  ADD CONSTRAINT `bonuses_img_ibfk_1` FOREIGN KEY (`id_bonus`) REFERENCES `bonuses` (`id`) ON DELETE CASCADE ON UPDATE CASCADE;

--
-- Contraintes pour la table `brutes_img`
--
ALTER TABLE `brutes_img`
  ADD CONSTRAINT `brutes_img_ibfk_1` FOREIGN KEY (`id_brute`) REFERENCES `brutes` (`id brute`) ON DELETE CASCADE ON UPDATE CASCADE;

--
-- Contraintes pour la table `brute_bonus`
--
ALTER TABLE `brute_bonus`
  ADD CONSTRAINT `brute_bonus_ibfk_1` FOREIGN KEY (`id_brute`) REFERENCES `brutes` (`id brute`) ON DELETE CASCADE ON UPDATE CASCADE,
  ADD CONSTRAINT `brute_bonus_ibfk_3` FOREIGN KEY (`id_bonus`) REFERENCES `bonuses` (`id`) ON DELETE CASCADE ON UPDATE CASCADE;

--
-- Contraintes pour la table `users_brute`
--
ALTER TABLE `users_brute`
  ADD CONSTRAINT `users_brute_ibfk_1` FOREIGN KEY (`id_user`) REFERENCES `users` (`id`) ON DELETE CASCADE ON UPDATE CASCADE,
  ADD CONSTRAINT `users_brute_ibfk_2` FOREIGN KEY (`id_brute`) REFERENCES `brutes` (`id brute`) ON DELETE CASCADE ON UPDATE CASCADE;

/*!40101 SET CHARACTER_SET_CLIENT=@OLD_CHARACTER_SET_CLIENT */;
/*!40101 SET CHARACTER_SET_RESULTS=@OLD_CHARACTER_SET_RESULTS */;
/*!40101 SET COLLATION_CONNECTION=@OLD_COLLATION_CONNECTION */;
